nsn,image_url,source,source_mpn
5905-00-493-1204,https://mm.digikey.com/Volume0/opasdata/d220001/medias/images/2497/100%20SERIES_0.252%20Dia%20x%200.500%20L%20%286.40mm%20x%2012.70mm%29.jpg,candidate_standin,101-250RX
5905-00-493-1210,https://mm.digikey.com/Volume0/opasdata/d220001/medias/images/2497/100%20SERIES_0.252%20Dia%20x%200.500%20L%20%286.40mm%20x%2012.70mm%29.jpg,candidate_standin,101-250RX
5905-00-493-1211,https://mm.digikey.com/Volume0/opasdata/d220001/medias/images/4843/YAGEOCHIPRES.jpg,candidate_standin,AC2010DK-7W100KL
5905-01-173-4875,https://mm.digikey.com/Volume0/opasdata/d220001/medias/images/9004/MFG_6650_2CS.jpg,candidate_standin,"2CS 1R0 0,5%"
5905-01-290-1192,https://mm.digikey.com/Volume0/opasdata/d220001/medias/images/4897/MFG_Wide-0805-2012-Metric.jpg,candidate_standin,3430A3F150RTDF
5910-00-934-0177,https://mm.digikey.com/Volume0/opasdata/d220001/medias/images/6310/1608%7E4532-25%7E1812.jpg,candidate_standin,1812Y1K00473KST
5910-01-204-1981,https://mm.digikey.com/Volume0/opasdata/d220001/medias/images/2488/0603%289mmthickness%29.jpg,candidate_standin,CC0603KRX7RABB103
5910-01-237-2621,https://mm.digikey.com/Volume0/opasdata/d220001/medias/images/631/GoldenMax73-SERIES.jpg,candidate_standin,C330C104G2G5TA
5915-01-134-7687,https://mm.digikey.com/Volume0/opasdata/d220001/medias/images/2321/4310-Series.jpg,candidate_standin,4310-010LF
5930-00-689-2834,https://mm.digikey.com/Volume0/opasdata/d220001/medias/images/8905/MFG_09-1-2-17.jpg,candidate_standin,09-1-2-17
5930-01-110-7093,https://mm.digikey.com/Volume0/opasdata/d220001/medias/images/6822/CT41-001N022.jpg,candidate_standin,CT41-001N022
5930-01-110-7094,https://mm.digikey.com/Volume0/opasdata/d220001/medias/images/8905/MFG_09-1-2-17.jpg,candidate_standin,09-1-2-17
5930-01-174-6031,https://mm.digikey.com/Volume0/opasdata/d220001/medias/images/8905/MFG_09-1-2-17.jpg,candidate_standin,09-1-2-17
5935-00-079-5458,https://mm.digikey.com/Volume0/opasdata/d220001/medias/images/4530/MFG_2002-1551-003.jpg,mcrl_pn,2002-1551-003
5935-00-104-9650,https://mm.digikey.com/Volume0/opasdata/d220001/medias/images/1290/451-10-2xx-00-xxx101.jpg,mcrl_pn,451-10-210-00-016101
5935-00-105-4641,https://mm.digikey.com/Volume0/opasdata/d220001/medias/images/6657/MFG_5958_MIL-DTL-38999-Series-D38999-Connector-Positions-Socket-Positions-Receptacle.jpg,candidate_standin,D38999/20GF30HD
5935-00-330-3329,https://mm.digikey.com/Volume0/opasdata/d220001/medias/images/6657/MFG_5958_MIL-DTL-38999-Series-D38999-Connector-Positions-Socket-Positions-Receptacle.jpg,candidate_standin,D38999/20GG27JN
5935-00-812-3399,https://mm.digikey.com/Volume0/opasdata/d220001/medias/images/2676/D3899920FC98SN.jpg,candidate_standin,D38999/20FC98SN
5935-00-987-0797,https://mm.digikey.com/Volume0/opasdata/d220001/medias/images/748/L17D204182.jpg,mcrl_pn,L17D204182
5935-01-050-8241,https://mm.digikey.com/Volume0/opasdata/d220001/medias/images/2267/0409-201-1800.jpg,candidate_standin,0409-201-1800
5935-01-151-1226,https://mm.digikey.com/Volume0/opasdata/d220001/medias/images/6657/MFG_5958_MIL-DTL-38999-Series-D38999-Connector-Positions-Socket-Positions-Receptacle.jpg,candidate_standin,D38999/20GD97JB
5935-01-223-2835,https://mm.digikey.com/Volume0/opasdata/d220001/medias/images/2267/0409-201-1800.jpg,candidate_standin,0409-201-1800
5935-01-249-9088,https://mm.digikey.com/Volume0/opasdata/d220001/medias/images/7155/MFG_5958_MIL-DTL-38999-Series-D38999-Connector-21-Pins-Plug-Insert-W.jpg,candidate_standin,D38999/25HC8CB
5935-01-296-3505,https://mm.digikey.com/Volume0/opasdata/d220001/medias/images/8740/MFG_aph__d38999_20_family.jpg,candidate_standin,D38999/20FE26HN
5935-01-446-7776,https://mm.digikey.com/Volume0/opasdata/d220001/medias/images/2267/0409-201-1800.jpg,candidate_standin,0409-201-1800
5945-00-491-3597,https://mm.digikey.com/Volume0/opasdata/d220001/medias/images/427/MFG_J0971CS5VDC45.jpg,candidate_standin,J0971CS5VDC.45
5950-00-698-0421,https://mm.digikey.com/Volume0/opasdata/d220001/medias/images/2468/4590%20Series.jpg,candidate_standin,4590-105K
5950-01-199-2306,https://mm.digikey.com/Volume0/opasdata/d220001/medias/images/2519/PA-21x29.jpg,candidate_standin,PA1366NLT
5950-01-224-5861,https://mm.digikey.com/Volume0/opasdata/d220001/medias/images/1048/MFG_PA38%2855%2C56%29.00xNL-Series.jpg,candidate_standin,PA3855.002NL
5961-01-017-5461,https://mm.digikey.com/Volume0/opasdata/d220001/medias/images/7424/MFG_1N5612.jpg,mcrl_pn,1N5612
5999-00-162-1259,https://mm.digikey.com/Volume0/opasdata/d220001/medias/images/847/MFG_9420801.jpg,candidate_standin,9420801.14
5999-00-196-0634,https://mm.digikey.com/Volume0/opasdata/d220001/medias/images/207/110991327.JPG,candidate_standin,110991327
5999-01-070-6620,https://mm.digikey.com/Volume0/opasdata/d220001/medias/images/764/07-0201-0237.jpg,candidate_standin,07-0201-0237
5999-01-129-4193,https://mm.digikey.com/Volume0/opasdata/d220001/medias/images/764/07-0201-0237.jpg,candidate_standin,07-0201-0237
5999-01-209-0658,https://mm.digikey.com/Volume0/opasdata/d220001/medias/images/207/110991327.JPG,candidate_standin,110991327
5999-01-215-7176,https://mm.digikey.com/Volume0/opasdata/d220001/medias/images/847/MFG_9420801.jpg,candidate_standin,9420801.14
5999-01-222-0064,https://mm.digikey.com/Volume0/opasdata/d220001/medias/images/3944/MFG_07-070x-xxxx-xx.jpg,mcrl_pn,07-0701-6006-77
5999-01-240-8049,https://mm.digikey.com/Volume0/opasdata/d220001/medias/images/3944/MFG_07-070x-xxxx-xx.jpg,mcrl_pn,07-0701-9006-77
5999-01-270-9406,https://mm.digikey.com/Volume0/opasdata/d220001/medias/images/847/MFG_9420801.jpg,candidate_standin,9420801.14
5999-01-294-4489,https://mm.digikey.com/Volume0/opasdata/d220001/medias/images/764/07-0201-0237.jpg,candidate_standin,07-0201-0237
5999-01-473-6202,https://mm.digikey.com/Volume0/opasdata/d220001/medias/images/764/07-0201-0237.jpg,candidate_standin,07-0201-0237
