mpn,image_url
101-250RX,https://mm.digikey.com/Volume0/opasdata/d220001/medias/images/2497/100%20SERIES_0.252%20Dia%20x%200.500%20L%20%286.40mm%20x%2012.70mm%29.jpg
CMF55100R00BEEB,https://mm.digikey.com/Volume0/opasdata/d220001/medias/images/647/CMF07.jpg
CMF5510R000BHEA,https://mm.digikey.com/Volume0/opasdata/d220001/medias/images/647/CMF07.jpg
CRT0603-BY-1002ELF,https://mm.digikey.com/Volume0/opasdata/d220001/medias/images/7210/MFG_118_CRT_series.jpg
CRT0603-BY-1003ELF,https://mm.digikey.com/Volume0/opasdata/d220001/medias/images/7210/MFG_118_CRT_series.jpg
CRT0603-BY-10R0ELF,https://mm.digikey.com/Volume0/opasdata/d220001/medias/images/7210/MFG_118_CRT_series.jpg
ERA-3AEB103V,https://mm.digikey.com/Volume0/opasdata/d220001/medias/images/2391/10-0603%20Resistor.jpg
ERA-3AEB121V,https://mm.digikey.com/Volume0/opasdata/d220001/medias/images/2391/10-0603%20Resistor.jpg
ERA-3AEB123V,https://mm.digikey.com/Volume0/opasdata/d220001/medias/images/2391/10-0603%20Resistor.jpg
ERA-3AEB201V,https://mm.digikey.com/Volume0/opasdata/d220001/medias/images/2391/10-0603%20Resistor.jpg
ERA-3AEB202V,https://mm.digikey.com/Volume0/opasdata/d220001/medias/images/2391/10-0603%20Resistor.jpg
ERA-3AEB2491V,https://mm.digikey.com/Volume0/opasdata/d220001/medias/images/2391/10-0603%20Resistor.jpg
ERA-3AEB2493V,https://mm.digikey.com/Volume0/opasdata/d220001/medias/images/2391/10-0603%20Resistor.jpg
ERA-3AEB304V,https://mm.digikey.com/Volume0/opasdata/d220001/medias/images/2391/10-0603%20Resistor.jpg
ERA-3AEB751V,https://mm.digikey.com/Volume0/opasdata/d220001/medias/images/2391/10-0603%20Resistor.jpg
ERA-6AEB102V,https://mm.digikey.com/Volume0/opasdata/d220001/medias/images/7199/MFG_10_ERA_series.jpg
ERA-6AEB104V,https://mm.digikey.com/Volume0/opasdata/d220001/medias/images/7199/MFG_10_ERA_series.jpg
ERA-6AEB202V,https://mm.digikey.com/Volume0/opasdata/d220001/medias/images/7199/MFG_10_ERA_series.jpg
ERA-6AEB203V,https://mm.digikey.com/Volume0/opasdata/d220001/medias/images/7199/MFG_10_ERA_series.jpg
ERA-6AEB204V,https://mm.digikey.com/Volume0/opasdata/d220001/medias/images/7199/MFG_10_ERA_series.jpg
ERA-6AEB472V,https://mm.digikey.com/Volume0/opasdata/d220001/medias/images/7199/MFG_10_ERA_series.jpg
HoFL2-1000A-75mV-0.5%-nickel plated,https://mm.digikey.com/Volume0/opasdata/d220001/medias/images/6503/MFG_HoFL2-1000A-75mV-0.5%25-nickel-plated.jpg
HoFL2-1000A75mVC12595NJ,https://mm.digikey.com/Volume0/opasdata/d220001/medias/images/8335/MFG_HoFL2.jpg
HoFL2-1000A75mVD12595NJ,https://mm.digikey.com/Volume0/opasdata/d220001/medias/images/8335/MFG_HoFL2.jpg
HoFL2-100A75mVC10322NJ,https://mm.digikey.com/Volume0/opasdata/d220001/medias/images/8335/MFG_HoFL2.jpg
CMF60250R00BHEB,https://mm.digikey.com/Volume0/opasdata/d220001/medias/images/647/CMF07.jpg
HoFL2-100A75mVD10322NJ,https://mm.digikey.com/Volume0/opasdata/d220001/medias/images/8335/MFG_HoFL2.jpg
HoFL2-1250A75mVC125110NJ,https://mm.digikey.com/Volume0/opasdata/d220001/medias/images/8335/MFG_HoFL2.jpg
HoFL2-1250A75mVD125110NJ,https://mm.digikey.com/Volume0/opasdata/d220001/medias/images/8335/MFG_HoFL2.jpg
HoFL2-1500A75mVC125100NJ,https://mm.digikey.com/Volume0/opasdata/d220001/medias/images/8335/MFG_HoFL2.jpg
HoFL2-1500A75mVD125100NJ,https://mm.digikey.com/Volume0/opasdata/d220001/medias/images/8335/MFG_HoFL2.jpg
HoFL2-150A-75mV-0.5%,https://mm.digikey.com/Volume0/opasdata/d220001/medias/images/6480/MFG_5705_HoFL2-150A-75mV-0.5%25.jpg
HoFL2-150A75mVC11622NJ,https://mm.digikey.com/Volume0/opasdata/d220001/medias/images/8335/MFG_HoFL2.jpg
HoFL2-150A75mVD11622NJ,https://mm.digikey.com/Volume0/opasdata/d220001/medias/images/8335/MFG_HoFL2.jpg
AC2010DK-7W100KL,https://mm.digikey.com/Volume0/opasdata/d220001/medias/images/4843/YAGEOCHIPRES.jpg
CHP2512K1003DBTC,https://mm.digikey.com/Volume0/opasdata/d220001/medias/images/6356/MFG_VishayTHINFILMCHIPRES.jpg
CMF60100K00BEBF,https://mm.digikey.com/Volume0/opasdata/d220001/medias/images/647/CMF07.jpg
CMF60100K00BEEA,https://mm.digikey.com/Volume0/opasdata/d220001/medias/images/647/CMF07.jpg
CMF60100K00BEEA70,https://mm.digikey.com/Volume0/opasdata/d220001/medias/images/647/CMF07.jpg
CMF60100K00BER6,https://mm.digikey.com/Volume0/opasdata/d220001/medias/images/647/CMF07.jpg
CMF60100K00BERE,https://mm.digikey.com/Volume0/opasdata/d220001/medias/images/647/CMF07.jpg
CMF60100K00BHEA,https://mm.digikey.com/Volume0/opasdata/d220001/medias/images/647/CMF07.jpg
CMF60100K00BHEB,https://mm.digikey.com/Volume0/opasdata/d220001/medias/images/647/CMF07.jpg
CMF60100K00BHR6,https://mm.digikey.com/Volume0/opasdata/d220001/medias/images/647/CMF07.jpg
CMF60100K00BHRE,https://mm.digikey.com/Volume0/opasdata/d220001/medias/images/647/CMF07.jpg
CMF60100K00CEEA,https://mm.digikey.com/Volume0/opasdata/d220001/medias/images/647/CMF07.jpg
CMF60100K00CEEB,https://mm.digikey.com/Volume0/opasdata/d220001/medias/images/647/CMF07.jpg
CMF60100K00CER6,https://mm.digikey.com/Volume0/opasdata/d220001/medias/images/647/CMF07.jpg
CMF60100K00CERE,https://mm.digikey.com/Volume0/opasdata/d220001/medias/images/647/CMF07.jpg
CMF60100K00DEEA,https://mm.digikey.com/Volume0/opasdata/d220001/medias/images/647/CMF07.jpg
CMF60100K00DEEB,https://mm.digikey.com/Volume0/opasdata/d220001/medias/images/647/CMF07.jpg
CMF60100K00DER6,https://mm.digikey.com/Volume0/opasdata/d220001/medias/images/647/CMF07.jpg
CMF60100K00DERE,https://mm.digikey.com/Volume0/opasdata/d220001/medias/images/647/CMF07.jpg
CMF60100K00DHEA,https://mm.digikey.com/Volume0/opasdata/d220001/medias/images/647/CMF07.jpg
CMF60100K00DHR6,https://mm.digikey.com/Volume0/opasdata/d220001/medias/images/647/CMF07.jpg
CMF60100K00DHRE,https://mm.digikey.com/Volume0/opasdata/d220001/medias/images/647/CMF07.jpg
CMF65100K00BEEB,https://mm.digikey.com/Volume0/opasdata/d220001/medias/images/647/CMF07.jpg
CMF65100K00BER6,https://mm.digikey.com/Volume0/opasdata/d220001/medias/images/647/CMF07.jpg
"2CS 1R0 0,5%",https://mm.digikey.com/Volume0/opasdata/d220001/medias/images/9004/MFG_6650_2CS.jpg
AC0805DR-071RL,https://mm.digikey.com/Volume0/opasdata/d220001/medias/images/4843/YAGEOCHIPRES.jpg
AC1206DR-071RL,https://mm.digikey.com/Volume0/opasdata/d220001/medias/images/5786/THICKFILMRESSMD.jpg
AF1206DR-071RL,https://mm.digikey.com/Volume0/opasdata/d220001/medias/images/4845/13_1206-%283216-metric%29.jpg
CPF0805B1R0E1,https://mm.digikey.com/Volume0/opasdata/d220001/medias/images/4848/1208_0603.jpg
CPF11R0000DKE14,https://mm.digikey.com/Volume0/opasdata/d220001/medias/images/3153/MFG_CPF1-Series.jpg
CPF1206B1R0E1,https://mm.digikey.com/Volume0/opasdata/d220001/medias/images/4847/1208_1206.jpg
CPF31R0000DKB14,https://mm.digikey.com/Volume0/opasdata/d220001/medias/images/2805/MFG_CPF3-Series.jpg
CRT0805-CY-1R00ELF,https://mm.digikey.com/Volume0/opasdata/d220001/medias/images/7210/MFG_118_CRT_series.jpg
CRT0805-DY-1R00ELF,https://mm.digikey.com/Volume0/opasdata/d220001/medias/images/7210/MFG_118_CRT_series.jpg
CSRT0603DT1R00,https://mm.digikey.com/Volume0/opasdata/d220001/medias/images/8052/MFG_738_CSRT_series.jpg
ERJ-H3QD1R00V,https://mm.digikey.com/Volume0/opasdata/d220001/medias/images/2642/MFG_Panasonic-ERJ-Hxx-Series-Resistors-Photo.jpg
ERJ-UP6D1R00V,https://mm.digikey.com/Volume0/opasdata/d220001/medias/images/9015/MFG_ERJ-UPxFx.jpg
ERJ-UP8D1R00V,https://mm.digikey.com/Volume0/opasdata/d220001/medias/images/9015/MFG_ERJ-UPxFx.jpg
FNPX1R000B,https://mm.digikey.com/Volume0/opasdata/d220001/medias/images/5783/MFG_FNPxx.jpg
FNPY1R000A,https://mm.digikey.com/Volume0/opasdata/d220001/medias/images/5783/MFG_FNPxx.jpg
FNPZ1R000A,https://mm.digikey.com/Volume0/opasdata/d220001/medias/images/5783/MFG_FNPxx.jpg
FWP2274P-1R00-B,https://mm.digikey.com/Volume0/opasdata/d220001/medias/images/8890/MFG_FWP2272N-1R00-x.jpg
MAW1R0000D,https://mm.digikey.com/Volume0/opasdata/d220001/medias/images/4848/112_S%20SERIES.JPG
MCW1R0000D,https://mm.digikey.com/Volume0/opasdata/d220001/medias/images/5752/MFG_804_MC.jpg
NS02C1R000BB12,https://mm.digikey.com/Volume0/opasdata/d220001/medias/images/6475/MFG_NS01010R00FE12.jpg
PCW1R0000B,https://mm.digikey.com/Volume0/opasdata/d220001/medias/images/5752/MFG_804_PC.jpg
PCX1R0000B,https://mm.digikey.com/Volume0/opasdata/d220001/medias/images/5752/MFG_804_PC.jpg
3430A3F150RTDF,https://mm.digikey.com/Volume0/opasdata/d220001/medias/images/4897/MFG_Wide-0805-2012-Metric.jpg
3504G3A150RFTDF,https://mm.digikey.com/Volume0/opasdata/d220001/medias/images/4320/MFG_3504G3AXXXXXTDF.jpg
3522150RFT,https://mm.digikey.com/Volume0/opasdata/d220001/medias/images/2582/RL73%2C%20CGS%202512%20%286432%20Metric%29.jpg
3522150RJT,https://mm.digikey.com/Volume0/opasdata/d220001/medias/images/2582/RL73%2C%20CGS%202512%20%286432%20Metric%29.jpg
3540150RFT,https://mm.digikey.com/Volume0/opasdata/d220001/medias/images/496/TE-2816.jpg
3540150RJT,https://mm.digikey.com/Volume0/opasdata/d220001/medias/images/496/TE-2816.jpg
3550150RFT,https://mm.digikey.com/Volume0/opasdata/d220001/medias/images/496/TE-4320.jpg
3550150RJT,https://mm.digikey.com/Volume0/opasdata/d220001/medias/images/496/TE-4320.jpg
3560150RFT,https://mm.digikey.com/Volume0/opasdata/d220001/medias/images/496/TE-4527.jpg
3560150RJT,https://mm.digikey.com/Volume0/opasdata/d220001/medias/images/496/TE-4527.jpg
5-2176400-3,https://mm.digikey.com/Volume0/opasdata/d220001/medias/images/6658/MFG_5-2176400-3.jpg
805F150E,https://mm.digikey.com/Volume0/opasdata/d220001/medias/images/2359/805F%20SERIES.jpg
825F150E,https://mm.digikey.com/Volume0/opasdata/d220001/medias/images/2522/825F%20SERIES.jpg
850F150E,https://mm.digikey.com/Volume0/opasdata/d220001/medias/images/2449/850F%20SERIES.jpg
AC04000001500JAC00,https://mm.digikey.com/Volume0/opasdata/d220001/medias/images/2523/AC01%20SERIES.jpg
AC05000001500JAC00,https://mm.digikey.com/Volume0/opasdata/d220001/medias/images/2586/PPCxPPCxW%20Series.JPG
AC05AT0001500JAC00,https://mm.digikey.com/Volume0/opasdata/d220001/medias/images/869/ACAT-Series.jpg
AC07000001500JAC00,https://mm.digikey.com/Volume0/opasdata/d220001/medias/images/2523/AC01%20SERIES.jpg
ALSR03150R0FE12,https://mm.digikey.com/Volume0/opasdata/d220001/medias/images/2526/ALSR%20SERIES%203W.JPG
ALSR05150R0FE12,https://mm.digikey.com/Volume0/opasdata/d220001/medias/images/2529/ALSR%20SERIES%205W.JPG
ALX25W150RBET,https://mm.digikey.com/Volume0/opasdata/d220001/medias/images/2722/MFG_ALXxxWxxR0BET.jpg
AP836 150R J,https://mm.digikey.com/Volume0/opasdata/d220001/medias/images/1175/AP836-Series.jpg
C10150RJL,https://mm.digikey.com/Volume0/opasdata/d220001/medias/images/882/C%2C-CGS--Wirewound-Resistor-8%2C50x38%2C1mm.jpg
CJP1000J150RJ,https://mm.digikey.com/Volume0/opasdata/d220001/medias/images/4194/CJPXXXXXXXXRJ.jpg
CJP300J150RJ,https://mm.digikey.com/Volume0/opasdata/d220001/medias/images/4194/CJPXXXXXXXXRJ.jpg
1812Y1K00473KST,https://mm.digikey.com/Volume0/opasdata/d220001/medias/images/6310/1608%7E4532-25%7E1812.jpg
1825AC473KAT1A,https://mm.digikey.com/Volume0/opasdata/d220001/medias/images/800/1825-%284564-Metric%29-2%2C54.jpg
885342208026,https://mm.digikey.com/Volume0/opasdata/d220001/medias/images/739/1206-%283216-Metric%29-2%2C20mm_BN.jpg
C1206C473KCRACAUTO,https://mm.digikey.com/Volume0/opasdata/d220001/medias/images/423/1206-%283216-Metric%29-3%2C20x1%2C60x1%2C35mm.jpg
C1206C473KCRACTU,https://mm.digikey.com/Volume0/opasdata/d220001/medias/images/208/1206-%283216-Metric%29-3%2C20x1%2C60x1%2C90mm.jpg
C1206X473KCRACTU,https://mm.digikey.com/Volume0/opasdata/d220001/medias/images/208/1206-%283216-Metric%29-3%2C20x1%2C60x1%2C90mm.jpg
C1210C473KBRACAUTO,https://mm.digikey.com/Volume0/opasdata/d220001/medias/images/194/1210-%283225-Metric%29-3%2C20x2%2C50x2%2C80mm.jpg
C1210C473KBRACTU,https://mm.digikey.com/Volume0/opasdata/d220001/medias/images/194/1210-%283225-Metric%29-3%2C20x2%2C50x2%2C80mm.jpg
C1210C473KCRACAUTO,https://mm.digikey.com/Volume0/opasdata/d220001/medias/images/194/1210-%283225-Metric%29-3%2C20x2%2C50x2%2C80mm.jpg
C1210C473KCRACTU,https://mm.digikey.com/Volume0/opasdata/d220001/medias/images/194/1210-%283225-Metric%29-3%2C20x2%2C50x2%2C80mm.jpg
C1210C473KDRACTU,https://mm.digikey.com/Volume0/opasdata/d220001/medias/images/194/1210-%283225-Metric%29-3%2C20x2%2C50x2%2C80mm.jpg
C1210V473KDRACTU,https://mm.digikey.com/Volume0/opasdata/d220001/medias/images/7160/MFG_ArcShield-SMD-Comm-X7R-HV.JPG
C1210X473KBRACTU,https://mm.digikey.com/Volume0/opasdata/d220001/medias/images/902/1210-%283225-Metric%29-1%2C50mm.jpg
C1808V473KDRACTU,https://mm.digikey.com/Volume0/opasdata/d220001/medias/images/7160/MFG_ArcShield-SMD-Comm-X7R-HV.JPG
C1812C473JBGACTU,https://mm.digikey.com/Volume0/opasdata/d220001/medias/images/423/1812-%284532-Metric%29-4%2C50x3%2C20x2%2C7mm.jpg
C1812C473KCRACTU,https://mm.digikey.com/Volume0/opasdata/d220001/medias/images/423/1812-%284532-Metric%29-4%2C50x3%2C20x2%2C7mm.jpg
C1812C473KDRACTU,https://mm.digikey.com/Volume0/opasdata/d220001/medias/images/423/1812-%284532-Metric%29-4%2C50x3%2C20x2%2C7mm.jpg
C1812V473KDRACTU,https://mm.digikey.com/Volume0/opasdata/d220001/medias/images/7160/MFG_ArcShield-SMD-Comm-X7R-HV.JPG
C1812X473JBGACAUTO,https://mm.digikey.com/Volume0/opasdata/d220001/medias/images/423/1812-%284532-Metric%29-4%2C50x3%2C20x2%2C7mm.jpg
C1812X473KDRACTU,https://mm.digikey.com/Volume0/opasdata/d220001/medias/images/423/1812-%284532-Metric%29-4%2C50x3%2C20x2%2C7mm.jpg
C1825X473KFRACTU,https://mm.digikey.com/Volume0/opasdata/d220001/medias/images/209/1825-%284564-Metric%29-4%2C60x6%2C40x1%2C65mm.jpg
C2220X473KFRACTU,https://mm.digikey.com/Volume0/opasdata/d220001/medias/images/2905/Kemet%202220.jpg
C3216X7T2J473K160AC,https://mm.digikey.com/Volume0/opasdata/d220001/medias/images/763/1206-%283216-Metric%29-2%2C20mm-C-Series.jpg
C3216X7T2J473K160AE,https://mm.digikey.com/Volume0/opasdata/d220001/medias/images/763/1206-%283216-Metric%29-2%2C20mm-C-Series.jpg
C330C473KFR5TA,https://mm.digikey.com/Volume0/opasdata/d220001/medias/images/2079/Goldmax%2C-300.jpg
CC0603KRX7RABB103,https://mm.digikey.com/Volume0/opasdata/d220001/medias/images/2488/0603%289mmthickness%29.jpg
C330C104G2G5TA,https://mm.digikey.com/Volume0/opasdata/d220001/medias/images/631/GoldenMax73-SERIES.jpg
C330C104G2G5TA7301,https://mm.digikey.com/Volume0/opasdata/d220001/medias/images/631/GoldenMax73-SERIES.jpg
C330C104GAG5TA,https://mm.digikey.com/Volume0/opasdata/d220001/medias/images/631/GoldenMax73-SERIES.jpg
C330C104GAG5TA7301,https://mm.digikey.com/Volume0/opasdata/d220001/medias/images/631/GoldenMax73-SERIES.jpg
C331C104G2G5TA,https://mm.digikey.com/Volume0/opasdata/d220001/medias/images/1163/MFG_Goldmax_CAP-CER_X7R.jpg
C331C104GAG5TA,https://mm.digikey.com/Volume0/opasdata/d220001/medias/images/1163/MFG_Goldmax_CAP-CER_X7R.jpg
C333C104G2G5TA,https://mm.digikey.com/Volume0/opasdata/d220001/medias/images/13/C333C104K1R5TA.jpg
C333C104G2G5TA7301,https://mm.digikey.com/Volume0/opasdata/d220001/medias/images/13/C333C104K1R5TA.jpg
C333C104GAG5TA,https://mm.digikey.com/Volume0/opasdata/d220001/medias/images/13/C333C104K1R5TA.jpg
C333C104GAG5TA7301,https://mm.digikey.com/Volume0/opasdata/d220001/medias/images/13/C333C104K1R5TA.jpg
C335C104G2G5TA,https://mm.digikey.com/Volume0/opasdata/d220001/medias/images/484/GoldMax300_C325-C335.jpg
C335C104G2G5TA7301,https://mm.digikey.com/Volume0/opasdata/d220001/medias/images/484/GoldMax300_C325-C335.jpg
C335C104GAG5TA,https://mm.digikey.com/Volume0/opasdata/d220001/medias/images/484/GoldMax300_C325-C335.jpg
C335C104GAG5TA7301,https://mm.digikey.com/Volume0/opasdata/d220001/medias/images/484/GoldMax300_C325-C335.jpg
C336C104G2G5TA,https://mm.digikey.com/Volume0/opasdata/d220001/medias/images/2156/C316C101J1G5TA.jpg
C336C104G2G5TA7301,https://mm.digikey.com/Volume0/opasdata/d220001/medias/images/2156/C316C101J1G5TA.jpg
C336C104GAG5TA,https://mm.digikey.com/Volume0/opasdata/d220001/medias/images/2156/C316C101J1G5TA.jpg
C336C104GAG5TA7301,https://mm.digikey.com/Volume0/opasdata/d220001/medias/images/2156/C316C101J1G5TA.jpg
C350C104F2G5TA,https://mm.digikey.com/Volume0/opasdata/d220001/medias/images/2079/Goldmax%2C-300.jpg
C350C104F2G5TA7301,https://mm.digikey.com/Volume0/opasdata/d220001/medias/images/2079/Goldmax%2C-300.jpg
C350C104G2G5TA,https://mm.digikey.com/Volume0/opasdata/d220001/medias/images/2079/Goldmax%2C-300.jpg
C350C104G2G5TA7301,https://mm.digikey.com/Volume0/opasdata/d220001/medias/images/2079/Goldmax%2C-300.jpg
C356C104F2G5TA,https://mm.digikey.com/Volume0/opasdata/d220001/medias/images/2156/C316C101J1G5TA.jpg
C356C104F2G5TA7301,https://mm.digikey.com/Volume0/opasdata/d220001/medias/images/2156/C316C101J1G5TA.jpg
C356C104G2G5TA,https://mm.digikey.com/Volume0/opasdata/d220001/medias/images/2156/C316C101J1G5TA.jpg
4310-010LF,https://mm.digikey.com/Volume0/opasdata/d220001/medias/images/2321/4310-Series.jpg
4310-013LF,https://mm.digikey.com/Volume0/opasdata/d220001/medias/images/2321/4310-Series.jpg
4310-020LF,https://mm.digikey.com/Volume0/opasdata/d220001/medias/images/2321/4310-Series.jpg
NFM21CC102R1H3D,https://mm.digikey.com/Volume0/opasdata/d220001/medias/images/4999/EMIFIL-NFM21-3PC-Pad-Black.JPG
NFM21CC222R1H3D,https://mm.digikey.com/Volume0/opasdata/d220001/medias/images/4999/EMIFIL-NFM21-3PC-Pad-Black.JPG
NFM21CC471R1H3D,https://mm.digikey.com/Volume0/opasdata/d220001/medias/images/4999/EMIFIL-NFM21-3PC-Pad-Black.JPG
NFM21HC102R1H3D,https://mm.digikey.com/Volume0/opasdata/d220001/medias/images/2905/NFM21C%20Series%200805.jpg
NFM21HC222R1H3D,https://mm.digikey.com/Volume0/opasdata/d220001/medias/images/4999/EMIFIL-NFM21-3PC-Pad-Black.JPG
W2H15C1028AT1A,https://mm.digikey.com/Volume0/opasdata/d220001/medias/images/2575/W2H-W3H%20Series%200805.jpg
W2H15C1028AT1F,https://mm.digikey.com/Volume0/opasdata/d220001/medias/images/2575/W2H-W3H%20Series%200805.jpg
W2H15C1038AT1A,https://mm.digikey.com/Volume0/opasdata/d220001/medias/images/5526/478_W2H-W3H-Series-0805.jpg
W2H15C2238AT1A,https://mm.digikey.com/Volume0/opasdata/d220001/medias/images/2575/W2H-W3H%20Series%200805.jpg
YFF15SC1H101MT000N,https://mm.digikey.com/Volume0/opasdata/d220001/medias/images/2368/0402%20%281005%20Metric%29%204%20PC%20Pad.jpg
YFF15SC1H220MT000N,https://mm.digikey.com/Volume0/opasdata/d220001/medias/images/2368/0402%20%281005%20Metric%29%204%20PC%20Pad.jpg
09-1-2-17,https://mm.digikey.com/Volume0/opasdata/d220001/medias/images/8905/MFG_09-1-2-17.jpg
CT35001N000,https://mm.digikey.com/Volume0/opasdata/d220001/medias/images/1897/CT3x001N0x0.jpg
CT35031N002,https://mm.digikey.com/Volume0/opasdata/d220001/medias/images/873/CT35031N002.jpg
CT36-001N022,https://mm.digikey.com/Volume0/opasdata/d220001/medias/images/864/CT37001N022.jpg
CT36-021N022,https://mm.digikey.com/Volume0/opasdata/d220001/medias/images/1891/CT37031N002.jpg
CT36001N000,https://mm.digikey.com/Volume0/opasdata/d220001/medias/images/1897/CT3x001N0x0.jpg
CT36001N002,https://mm.digikey.com/Volume0/opasdata/d220001/medias/images/893/CT36001N002.jpg
CT36001N020,https://mm.digikey.com/Volume0/opasdata/d220001/medias/images/1246/CT36001N020.jpg
CT36021N020,https://mm.digikey.com/Volume0/opasdata/d220001/medias/images/1118/CT36021N020.jpg
CT36031N022,https://mm.digikey.com/Volume0/opasdata/d220001/medias/images/1021/CT36031N022.jpg
CT37-021N022,https://mm.digikey.com/Volume0/opasdata/d220001/medias/images/1891/CT37031N002.jpg
CT37001N000,https://mm.digikey.com/Volume0/opasdata/d220001/medias/images/1141/CT37001N000.jpg
CT37001N002,https://mm.digikey.com/Volume0/opasdata/d220001/medias/images/1170/CT37001N002.jpg
CT37001N020,https://mm.digikey.com/Volume0/opasdata/d220001/medias/images/1307/CT37001N020.jpg
CT37001N022,https://mm.digikey.com/Volume0/opasdata/d220001/medias/images/864/CT37001N022.jpg
CT37021N020,https://mm.digikey.com/Volume0/opasdata/d220001/medias/images/973/CT37021N020.jpg
CT37031N002,https://mm.digikey.com/Volume0/opasdata/d220001/medias/images/1891/CT37031N002.jpg
CT37031N022,https://mm.digikey.com/Volume0/opasdata/d220001/medias/images/2262/CT37031N022.jpg
CT38-001N022,https://mm.digikey.com/Volume0/opasdata/d220001/medias/images/864/CT37001N022.jpg
CT39-001N022,https://mm.digikey.com/Volume0/opasdata/d220001/medias/images/864/CT37001N022.jpg
CT39001N000,https://mm.digikey.com/Volume0/opasdata/d220001/medias/images/1897/CT3x001N0x0.jpg
CT39001N020,https://mm.digikey.com/Volume0/opasdata/d220001/medias/images/1131/CT39001N020.jpg
PT105SQQ,https://mm.digikey.com/Volume0/opasdata/d220001/medias/images/780/PT102SQQ.jpg
PT105SSQ,https://mm.digikey.com/Volume0/opasdata/d220001/medias/images/694/PT-SERIES-3screws-3washers.jpg
PT105SZQ,https://mm.digikey.com/Volume0/opasdata/d220001/medias/images/692/PT101SZQ.jpg
CT41-001N022,https://mm.digikey.com/Volume0/opasdata/d220001/medias/images/6822/CT41-001N022.jpg
CT41-021N022,https://mm.digikey.com/Volume0/opasdata/d220001/medias/images/1891/CT37031N002.jpg
CT41001N000,https://mm.digikey.com/Volume0/opasdata/d220001/medias/images/1174/CT41001N000.jpg
CT41001N020,https://mm.digikey.com/Volume0/opasdata/d220001/medias/images/1252/CT41001N020.jpg
CT41021N000,https://mm.digikey.com/Volume0/opasdata/d220001/medias/images/1912/CT41021N000.jpg
WT21L,https://mm.digikey.com/Volume0/opasdata/d220001/medias/images/581/MFG_WT21L.jpg
WT21S,https://mm.digikey.com/Volume0/opasdata/d220001/medias/images/1049/WT21S.jpg
WT21T,https://mm.digikey.com/Volume0/opasdata/d220001/medias/images/2585/WT21T%20%282%29.jpg
D38999/20GH36SN,https://mm.digikey.com/Volume0/opasdata/d220001/medias/images/6657/MFG_5958_MIL-DTL-38999-Series-D38999-Connector-Positions-Socket-Positions-Receptacle.jpg
D38999/20GH53HA,https://mm.digikey.com/Volume0/opasdata/d220001/medias/images/6657/MFG_5958_MIL-DTL-38999-Series-D38999-Connector-Positions-Socket-Positions-Receptacle.jpg
D38999/24GH97JN,https://mm.digikey.com/Volume0/opasdata/d220001/medias/images/7155/MFG_5958_MIL-DTL-38999-Series-D38999-Connector-21-Pins-Plug-Insert-W.jpg
D38999/24GH99JB,https://mm.digikey.com/Volume0/opasdata/d220001/medias/images/7155/MFG_5958_MIL-DTL-38999-Series-D38999-Connector-21-Pins-Plug-Insert-W.jpg
D38999/24GH99JC,https://mm.digikey.com/Volume0/opasdata/d220001/medias/images/7155/MFG_5958_MIL-DTL-38999-Series-D38999-Connector-21-Pins-Plug-Insert-W.jpg
D38999/24TH32SC,https://mm.digikey.com/Volume0/opasdata/d220001/medias/images/7155/MFG_5958_MIL-DTL-38999-Series-D38999-Connector-21-Pins-Plug-Insert-W.jpg
D38999/24TH99JD,https://mm.digikey.com/Volume0/opasdata/d220001/medias/images/7155/MFG_5958_MIL-DTL-38999-Series-D38999-Connector-21-Pins-Plug-Insert-W.jpg
D38999/24WH99SD,https://mm.digikey.com/Volume0/opasdata/d220001/medias/images/7155/MFG_5958_MIL-DTL-38999-Series-D38999-Connector-21-Pins-Plug-Insert-W.jpg
D38999/24WH99SE,https://mm.digikey.com/Volume0/opasdata/d220001/medias/images/7155/MFG_5958_MIL-DTL-38999-Series-D38999-Connector-21-Pins-Plug-Insert-W.jpg
D38999/24WH99SN,https://mm.digikey.com/Volume0/opasdata/d220001/medias/images/7155/MFG_5958_MIL-DTL-38999-Series-D38999-Connector-21-Pins-Plug-Insert-W.jpg
D38999/25NH34PN,https://mm.digikey.com/Volume0/opasdata/d220001/medias/images/7155/MFG_5958_MIL-DTL-38999-Series-D38999-Connector-21-Pins-Plug-Insert-W.jpg
D38999/25NH34XA,https://mm.digikey.com/Volume0/opasdata/d220001/medias/images/7155/MFG_5958_MIL-DTL-38999-Series-D38999-Connector-21-Pins-Plug-Insert-W.jpg
D38999/25NH34XC,https://mm.digikey.com/Volume0/opasdata/d220001/medias/images/7155/MFG_5958_MIL-DTL-38999-Series-D38999-Connector-21-Pins-Plug-Insert-W.jpg
D38999/25NH34XD,https://mm.digikey.com/Volume0/opasdata/d220001/medias/images/7155/MFG_5958_MIL-DTL-38999-Series-D38999-Connector-21-Pins-Plug-Insert-W.jpg
D38999/25NH34XE,https://mm.digikey.com/Volume0/opasdata/d220001/medias/images/7155/MFG_5958_MIL-DTL-38999-Series-D38999-Connector-21-Pins-Plug-Insert-W.jpg
D38999/26GH55HD,https://mm.digikey.com/Volume0/opasdata/d220001/medias/images/6657/MFG_5958_MIL-DTL-38999-Series-D38999-Connector-Positions-Socket-Positions-Receptacle.jpg
D38999/26GH55HE,https://mm.digikey.com/Volume0/opasdata/d220001/medias/images/6657/MFG_5958_MIL-DTL-38999-Series-D38999-Connector-Positions-Socket-Positions-Receptacle.jpg
D38999/26GH55HN,https://mm.digikey.com/Volume0/opasdata/d220001/medias/images/6657/MFG_5958_MIL-DTL-38999-Series-D38999-Connector-Positions-Socket-Positions-Receptacle.jpg
D38999/26GH55JA,https://mm.digikey.com/Volume0/opasdata/d220001/medias/images/6657/MFG_5958_MIL-DTL-38999-Series-D38999-Connector-Positions-Socket-Positions-Receptacle.jpg
D38999/26GH55JB,https://mm.digikey.com/Volume0/opasdata/d220001/medias/images/6657/MFG_5958_MIL-DTL-38999-Series-D38999-Connector-Positions-Socket-Positions-Receptacle.jpg
D38999/40FE6HC,https://mm.digikey.com/Volume0/opasdata/d220001/medias/images/7628/MFG_D38999-Series-IV-47-pos-Plug.jpg
D38999/40FE6HD,https://mm.digikey.com/Volume0/opasdata/d220001/medias/images/7628/MFG_D38999-Series-IV-47-pos-Plug.jpg
D38999/40FE6HK,https://mm.digikey.com/Volume0/opasdata/d220001/medias/images/7628/MFG_D38999-Series-IV-47-pos-Plug.jpg
D38999/40FE6HL,https://mm.digikey.com/Volume0/opasdata/d220001/medias/images/7628/MFG_D38999-Series-IV-47-pos-Plug.jpg
D38999/40WD5SA,https://mm.digikey.com/Volume0/opasdata/d220001/medias/images/7628/MFG_D38999-Series-IV-49-pos-Recep.jpg
1-1437720-3,https://mm.digikey.com/Volume0/opasdata/d220001/medias/images/29/1-1437720-3.JPG
1-1437720-4,https://mm.digikey.com/Volume0/opasdata/d220001/medias/images/411/MFG_1-1437720-4.jpg
1200330001,https://mm.digikey.com/Volume0/opasdata/d220001/medias/images/2350/1200330001.jpg
1200680137,https://mm.digikey.com/Volume0/opasdata/d220001/medias/images/563/120068013x.jpg
1200680229,https://mm.digikey.com/Volume0/opasdata/d220001/medias/images/55/1200680229.jpg
1200688009,https://mm.digikey.com/Volume0/opasdata/d220001/medias/images/728/1200688009.jpg
1200895003,https://mm.digikey.com/Volume0/opasdata/d220001/medias/images/5010/1200895003.jpg
1201010001,https://mm.digikey.com/Volume0/opasdata/d220001/medias/images/695/1201010001.jpg
1300180217,https://mm.digikey.com/Volume0/opasdata/d220001/medias/images/2287/1300180217.JPG
1300350057,https://mm.digikey.com/Volume0/opasdata/d220001/medias/images/2370/1300350057.jpg
1300350085,https://mm.digikey.com/Volume0/opasdata/d220001/medias/images/2370/1300350085.jpg
1419920,https://mm.digikey.com/Volume0/opasdata/d220001/medias/images/451/MFG_1419920_side.jpg
1419933,https://mm.digikey.com/Volume0/opasdata/d220001/medias/images/2206/1419933.JPG
1419946,https://mm.digikey.com/Volume0/opasdata/d220001/medias/images/39/MFG_1419946.jpg
1424326,https://mm.digikey.com/Volume0/opasdata/d220001/medias/images/19/1424326.jpg
1438079,https://mm.digikey.com/Volume0/opasdata/d220001/medias/images/1036/1438079.jpg
1454972,https://mm.digikey.com/Volume0/opasdata/d220001/medias/images/768/MFG_1454972.jpg
1526253,https://mm.digikey.com/Volume0/opasdata/d220001/medias/images/2516/1526253.JPG
1541186,https://mm.digikey.com/Volume0/opasdata/d220001/medias/images/503/1541186.JPG
1551671,https://mm.digikey.com/Volume0/opasdata/d220001/medias/images/520/1551671.jpg
1551697,https://mm.digikey.com/Volume0/opasdata/d220001/medias/images/508/1551697.jpg
1572443,https://mm.digikey.com/Volume0/opasdata/d220001/medias/images/785/MFG_1572443.jpg
1683455,https://mm.digikey.com/Volume0/opasdata/d220001/medias/images/1163/MFG_1683455.jpg
1683468,https://mm.digikey.com/Volume0/opasdata/d220001/medias/images/808/MFG_1683413.jpg
1683471,https://mm.digikey.com/Volume0/opasdata/d220001/medias/images/1035/MFG_1683471.jpg
D38999/20GF30HD,https://mm.digikey.com/Volume0/opasdata/d220001/medias/images/6657/MFG_5958_MIL-DTL-38999-Series-D38999-Connector-Positions-Socket-Positions-Receptacle.jpg
D38999/20GF30HE,https://mm.digikey.com/Volume0/opasdata/d220001/medias/images/6657/MFG_5958_MIL-DTL-38999-Series-D38999-Connector-Positions-Socket-Positions-Receptacle.jpg
D38999/20GF30HN,https://mm.digikey.com/Volume0/opasdata/d220001/medias/images/6657/MFG_5958_MIL-DTL-38999-Series-D38999-Connector-Positions-Socket-Positions-Receptacle.jpg
D38999/20GF30JA,https://mm.digikey.com/Volume0/opasdata/d220001/medias/images/6657/MFG_5958_MIL-DTL-38999-Series-D38999-Connector-Positions-Socket-Positions-Receptacle.jpg
D38999/20GF30JB,https://mm.digikey.com/Volume0/opasdata/d220001/medias/images/6657/MFG_5958_MIL-DTL-38999-Series-D38999-Connector-Positions-Socket-Positions-Receptacle.jpg
D38999/24TF30HE,https://mm.digikey.com/Volume0/opasdata/d220001/medias/images/7155/MFG_5958_MIL-DTL-38999-Series-D38999-Connector-21-Pins-Plug-Insert-W.jpg
D38999/24TF45PC,https://mm.digikey.com/Volume0/opasdata/d220001/medias/images/7155/MFG_5958_MIL-DTL-38999-Series-D38999-Connector-21-Pins-Plug-Insert-W.jpg
D38999/24WF32JA,https://mm.digikey.com/Volume0/opasdata/d220001/medias/images/7155/MFG_5958_MIL-DTL-38999-Series-D38999-Connector-21-Pins-Plug-Insert-W.jpg
D38999/24WF32JC,https://mm.digikey.com/Volume0/opasdata/d220001/medias/images/7155/MFG_5958_MIL-DTL-38999-Series-D38999-Connector-21-Pins-Plug-Insert-W.jpg
D38999/24WF32JD,https://mm.digikey.com/Volume0/opasdata/d220001/medias/images/7155/MFG_5958_MIL-DTL-38999-Series-D38999-Connector-21-Pins-Plug-Insert-W.jpg
D38999/24WF45HA,https://mm.digikey.com/Volume0/opasdata/d220001/medias/images/7155/MFG_5958_MIL-DTL-38999-Series-D38999-Connector-21-Pins-Plug-Insert-W.jpg
D38999/25NF30CA,https://mm.digikey.com/Volume0/opasdata/d220001/medias/images/7155/MFG_5958_MIL-DTL-38999-Series-D38999-Connector-21-Pins-Plug-Insert-W.jpg
D38999/25NF30CB,https://mm.digikey.com/Volume0/opasdata/d220001/medias/images/7155/MFG_5958_MIL-DTL-38999-Series-D38999-Connector-21-Pins-Plug-Insert-W.jpg
D38999/26FF18JN,https://mm.digikey.com/Volume0/opasdata/d220001/medias/images/7155/MFG_5958_MIL-DTL-38999-Series-D38999-Connector-21-Pins-Plug-Insert-W.jpg
D38999/26GF18PD,https://mm.digikey.com/Volume0/opasdata/d220001/medias/images/7155/MFG_5958_MIL-DTL-38999-Series-D38999-Connector-21-Pins-Plug-Insert-W.jpg
D38999/26GF18PE,https://mm.digikey.com/Volume0/opasdata/d220001/medias/images/7155/MFG_5958_MIL-DTL-38999-Series-D38999-Connector-21-Pins-Plug-Insert-W.jpg
D38999/26GF18PN,https://mm.digikey.com/Volume0/opasdata/d220001/medias/images/7155/MFG_5958_MIL-DTL-38999-Series-D38999-Connector-21-Pins-Plug-Insert-W.jpg
D38999/40FD19PB,https://mm.digikey.com/Volume0/opasdata/d220001/medias/images/7628/MFG_D38999-Series-IV-47-pos-Plug.jpg
D38999/40FD19PC,https://mm.digikey.com/Volume0/opasdata/d220001/medias/images/7628/MFG_D38999-Series-IV-47-pos-Plug.jpg
D38999/40FD19PD,https://mm.digikey.com/Volume0/opasdata/d220001/medias/images/7628/MFG_D38999-Series-IV-47-pos-Plug.jpg
D38999/40FD35HM,https://mm.digikey.com/Volume0/opasdata/d220001/medias/images/7628/MFG_D38999-Series-IV-47-pos-Plug.jpg
D38999/40FD35HN,https://mm.digikey.com/Volume0/opasdata/d220001/medias/images/7628/MFG_D38999-Series-IV-47-pos-Plug.jpg
D38999/40WH32JM,https://mm.digikey.com/Volume0/opasdata/d220001/medias/images/7628/MFG_D38999-Series-IV-40-pos-Recep.jpg
D38999/40WH32JN,https://mm.digikey.com/Volume0/opasdata/d220001/medias/images/7628/MFG_D38999-Series-IV-40-pos-Recep.jpg
D38999/40WH32JR,https://mm.digikey.com/Volume0/opasdata/d220001/medias/images/7628/MFG_D38999-Series-IV-40-pos-Recep.jpg
D38999/20GG27JN,https://mm.digikey.com/Volume0/opasdata/d220001/medias/images/6657/MFG_5958_MIL-DTL-38999-Series-D38999-Connector-Positions-Socket-Positions-Receptacle.jpg
D38999/20GG27PA,https://mm.digikey.com/Volume0/opasdata/d220001/medias/images/6657/MFG_5958_MIL-DTL-38999-Series-D38999-Connector-Positions-Socket-Positions-Receptacle.jpg
D38999/20GG27PB,https://mm.digikey.com/Volume0/opasdata/d220001/medias/images/6657/MFG_5958_MIL-DTL-38999-Series-D38999-Connector-Positions-Socket-Positions-Receptacle.jpg
D38999/20GG27PC,https://mm.digikey.com/Volume0/opasdata/d220001/medias/images/6657/MFG_5958_MIL-DTL-38999-Series-D38999-Connector-Positions-Socket-Positions-Receptacle.jpg
D38999/20GG27PD,https://mm.digikey.com/Volume0/opasdata/d220001/medias/images/6657/MFG_5958_MIL-DTL-38999-Series-D38999-Connector-Positions-Socket-Positions-Receptacle.jpg
D38999/20GG27PE,https://mm.digikey.com/Volume0/opasdata/d220001/medias/images/6657/MFG_5958_MIL-DTL-38999-Series-D38999-Connector-Positions-Socket-Positions-Receptacle.jpg
D38999/25NG39PA,https://mm.digikey.com/Volume0/opasdata/d220001/medias/images/7155/MFG_5958_MIL-DTL-38999-Series-D38999-Connector-21-Pins-Plug-Insert-W.jpg
D38999/25NG39PB,https://mm.digikey.com/Volume0/opasdata/d220001/medias/images/7155/MFG_5958_MIL-DTL-38999-Series-D38999-Connector-21-Pins-Plug-Insert-W.jpg
D38999/25NG39PC,https://mm.digikey.com/Volume0/opasdata/d220001/medias/images/7155/MFG_5958_MIL-DTL-38999-Series-D38999-Connector-21-Pins-Plug-Insert-W.jpg
D38999/25NG39PD,https://mm.digikey.com/Volume0/opasdata/d220001/medias/images/7155/MFG_5958_MIL-DTL-38999-Series-D38999-Connector-21-Pins-Plug-Insert-W.jpg
D38999/25NG39PE,https://mm.digikey.com/Volume0/opasdata/d220001/medias/images/7155/MFG_5958_MIL-DTL-38999-Series-D38999-Connector-21-Pins-Plug-Insert-W.jpg
D38999/25NG39PN,https://mm.digikey.com/Volume0/opasdata/d220001/medias/images/7155/MFG_5958_MIL-DTL-38999-Series-D38999-Connector-21-Pins-Plug-Insert-W.jpg
D38999/25NG39XA,https://mm.digikey.com/Volume0/opasdata/d220001/medias/images/7155/MFG_5958_MIL-DTL-38999-Series-D38999-Connector-21-Pins-Plug-Insert-W.jpg
D38999/25NG39XB,https://mm.digikey.com/Volume0/opasdata/d220001/medias/images/7155/MFG_5958_MIL-DTL-38999-Series-D38999-Connector-21-Pins-Plug-Insert-W.jpg
D38999/25NG39XC,https://mm.digikey.com/Volume0/opasdata/d220001/medias/images/7155/MFG_5958_MIL-DTL-38999-Series-D38999-Connector-21-Pins-Plug-Insert-W.jpg
D38999/25NG39XD,https://mm.digikey.com/Volume0/opasdata/d220001/medias/images/7155/MFG_5958_MIL-DTL-38999-Series-D38999-Connector-21-Pins-Plug-Insert-W.jpg
D38999/25YG24XC,https://mm.digikey.com/Volume0/opasdata/d220001/medias/images/7155/MFG_5958_MIL-DTL-38999-Series-D38999-Connector-21-Pins-Plug-Insert-W.jpg
D38999/25YG24XD,https://mm.digikey.com/Volume0/opasdata/d220001/medias/images/7155/MFG_5958_MIL-DTL-38999-Series-D38999-Connector-21-Pins-Plug-Insert-W.jpg
D38999/25YG24XE,https://mm.digikey.com/Volume0/opasdata/d220001/medias/images/7155/MFG_5958_MIL-DTL-38999-Series-D38999-Connector-21-Pins-Plug-Insert-W.jpg
D38999/25YG24XN,https://mm.digikey.com/Volume0/opasdata/d220001/medias/images/7155/MFG_5958_MIL-DTL-38999-Series-D38999-Connector-21-Pins-Plug-Insert-W.jpg
D38999/25YG25CA,https://mm.digikey.com/Volume0/opasdata/d220001/medias/images/7155/MFG_5958_MIL-DTL-38999-Series-D38999-Connector-21-Pins-Plug-Insert-W.jpg
D38999/25YG25CB,https://mm.digikey.com/Volume0/opasdata/d220001/medias/images/7155/MFG_5958_MIL-DTL-38999-Series-D38999-Connector-21-Pins-Plug-Insert-W.jpg
D38999/25YG25CC,https://mm.digikey.com/Volume0/opasdata/d220001/medias/images/7155/MFG_5958_MIL-DTL-38999-Series-D38999-Connector-21-Pins-Plug-Insert-W.jpg
D38999/25YG25CD,https://mm.digikey.com/Volume0/opasdata/d220001/medias/images/7155/MFG_5958_MIL-DTL-38999-Series-D38999-Connector-21-Pins-Plug-Insert-W.jpg
D38999/25YG25CE,https://mm.digikey.com/Volume0/opasdata/d220001/medias/images/7155/MFG_5958_MIL-DTL-38999-Series-D38999-Connector-21-Pins-Plug-Insert-W.jpg
D38999/20FC98SN,https://mm.digikey.com/Volume0/opasdata/d220001/medias/images/2676/D3899920FC98SN.jpg
D38999/20JC98PN,https://mm.digikey.com/Volume0/opasdata/d220001/medias/images/6354/D3899920JC98PN.jpg
D38999/20KC98PN,https://mm.digikey.com/Volume0/opasdata/d220001/medias/images/4999/D3899920KC98PN.jpg
D38999/20MC98PN,https://mm.digikey.com/Volume0/opasdata/d220001/medias/images/5854/D3899920MC98PN.jpg
D38999/20WC98PN,https://mm.digikey.com/Volume0/opasdata/d220001/medias/images/4845/1178_D38999%5E20WC98PN.jpg
D38999/20WC98SA,https://mm.digikey.com/Volume0/opasdata/d220001/medias/images/3675/MFG_AE320_series.jpg
D38999/20WC98SN,https://mm.digikey.com/Volume0/opasdata/d220001/medias/images/4845/1178_D38999%5E20WC98SN.jpg
D38999/24FC98SA,https://mm.digikey.com/Volume0/opasdata/d220001/medias/images/3675/MFG_AE320_series.jpg
D38999/24FC98SB,https://mm.digikey.com/Volume0/opasdata/d220001/medias/images/3675/MFG_AE320_series.jpg
D38999/24FC98SN,https://mm.digikey.com/Volume0/opasdata/d220001/medias/images/3675/MFG_AE320_series.jpg
D38999/24MC98PN,https://mm.digikey.com/Volume0/opasdata/d220001/medias/images/6129/D3899924MC98PN.jpg
D38999/24MC98SN,https://mm.digikey.com/Volume0/opasdata/d220001/medias/images/6064/D3899924MC98SN.jpg
D38999/24WC98PN,https://mm.digikey.com/Volume0/opasdata/d220001/medias/images/4849/1178_D38999%5E24WC98PN.jpg
D38999/24WC98SA,https://mm.digikey.com/Volume0/opasdata/d220001/medias/images/3675/MFG_AE320_series.jpg
D38999/24WC98SN,https://mm.digikey.com/Volume0/opasdata/d220001/medias/images/4850/1178_D38999%5E24WC98SN.jpg
D38999/20GE2PC,https://mm.digikey.com/Volume0/opasdata/d220001/medias/images/6657/MFG_5958_MIL-DTL-38999-Series-D38999-Connector-Positions-Socket-Positions-Receptacle.jpg
D38999/20GE2PD,https://mm.digikey.com/Volume0/opasdata/d220001/medias/images/6657/MFG_5958_MIL-DTL-38999-Series-D38999-Connector-Positions-Socket-Positions-Receptacle.jpg
D38999/20GE2PE,https://mm.digikey.com/Volume0/opasdata/d220001/medias/images/6657/MFG_5958_MIL-DTL-38999-Series-D38999-Connector-Positions-Socket-Positions-Receptacle.jpg
D38999/20GE2PN,https://mm.digikey.com/Volume0/opasdata/d220001/medias/images/6657/MFG_5958_MIL-DTL-38999-Series-D38999-Connector-Positions-Socket-Positions-Receptacle.jpg
D38999/20GE2SA,https://mm.digikey.com/Volume0/opasdata/d220001/medias/images/6657/MFG_5958_MIL-DTL-38999-Series-D38999-Connector-Positions-Socket-Positions-Receptacle.jpg
D38999/24TE2JN,https://mm.digikey.com/Volume0/opasdata/d220001/medias/images/7155/MFG_5958_MIL-DTL-38999-Series-D38999-Connector-21-Pins-Plug-Insert-W.jpg
D38999/24TE2PA,https://mm.digikey.com/Volume0/opasdata/d220001/medias/images/7155/MFG_5958_MIL-DTL-38999-Series-D38999-Connector-21-Pins-Plug-Insert-W.jpg
D38999/24TE2PB,https://mm.digikey.com/Volume0/opasdata/d220001/medias/images/7155/MFG_5958_MIL-DTL-38999-Series-D38999-Connector-21-Pins-Plug-Insert-W.jpg
D38999/25NE26CA,https://mm.digikey.com/Volume0/opasdata/d220001/medias/images/7155/MFG_5958_MIL-DTL-38999-Series-D38999-Connector-21-Pins-Plug-Insert-W.jpg
D38999/25NE26CB,https://mm.digikey.com/Volume0/opasdata/d220001/medias/images/7155/MFG_5958_MIL-DTL-38999-Series-D38999-Connector-21-Pins-Plug-Insert-W.jpg
D38999/25NE26CC,https://mm.digikey.com/Volume0/opasdata/d220001/medias/images/7155/MFG_5958_MIL-DTL-38999-Series-D38999-Connector-21-Pins-Plug-Insert-W.jpg
D38999/25NE26CD,https://mm.digikey.com/Volume0/opasdata/d220001/medias/images/7155/MFG_5958_MIL-DTL-38999-Series-D38999-Connector-21-Pins-Plug-Insert-W.jpg
D38999/25NE26CE,https://mm.digikey.com/Volume0/opasdata/d220001/medias/images/7155/MFG_5958_MIL-DTL-38999-Series-D38999-Connector-21-Pins-Plug-Insert-W.jpg
D38999/25NE26CN,https://mm.digikey.com/Volume0/opasdata/d220001/medias/images/7155/MFG_5958_MIL-DTL-38999-Series-D38999-Connector-21-Pins-Plug-Insert-W.jpg
D38999/25NE6PA,https://mm.digikey.com/Volume0/opasdata/d220001/medias/images/7155/MFG_5958_MIL-DTL-38999-Series-D38999-Connector-21-Pins-Plug-Insert-W.jpg
D38999/25NE6PB,https://mm.digikey.com/Volume0/opasdata/d220001/medias/images/7155/MFG_5958_MIL-DTL-38999-Series-D38999-Connector-21-Pins-Plug-Insert-W.jpg
D38999/25NE6PC,https://mm.digikey.com/Volume0/opasdata/d220001/medias/images/7155/MFG_5958_MIL-DTL-38999-Series-D38999-Connector-21-Pins-Plug-Insert-W.jpg
D38999/25NE6PD,https://mm.digikey.com/Volume0/opasdata/d220001/medias/images/7155/MFG_5958_MIL-DTL-38999-Series-D38999-Connector-21-Pins-Plug-Insert-W.jpg
D38999/26FE8HA,https://mm.digikey.com/Volume0/opasdata/d220001/medias/images/7155/MFG_5958_MIL-DTL-38999-Series-D38999-Connector-21-Pins-Plug-Insert-W.jpg
D38999/26FE8HB,https://mm.digikey.com/Volume0/opasdata/d220001/medias/images/7155/MFG_5958_MIL-DTL-38999-Series-D38999-Connector-21-Pins-Plug-Insert-W.jpg
D38999/26FE8HC,https://mm.digikey.com/Volume0/opasdata/d220001/medias/images/7155/MFG_5958_MIL-DTL-38999-Series-D38999-Connector-21-Pins-Plug-Insert-W.jpg
D38999/26GE2JC,https://mm.digikey.com/Volume0/opasdata/d220001/medias/images/7155/MFG_5958_MIL-DTL-38999-Series-D38999-Connector-21-Pins-Plug-Insert-W.jpg
D38999/26GE2JD,https://mm.digikey.com/Volume0/opasdata/d220001/medias/images/7155/MFG_5958_MIL-DTL-38999-Series-D38999-Connector-21-Pins-Plug-Insert-W.jpg
0409-201-1800,https://mm.digikey.com/Volume0/opasdata/d220001/medias/images/2267/0409-201-1800.jpg
0409-201-2400,https://mm.digikey.com/Volume0/opasdata/d220001/medias/images/2301/0409-201-2400.jpg
1-206062-3,https://mm.digikey.com/Volume0/opasdata/d220001/medias/images/521/1-206062-2.jpg
1-206062-4,https://mm.digikey.com/Volume0/opasdata/d220001/medias/images/819/1-206062-6%2C1-206062-4.jpg
1-206062-5,https://mm.digikey.com/Volume0/opasdata/d220001/medias/images/401/1-206062-6.jpg
1-206062-6,https://mm.digikey.com/Volume0/opasdata/d220001/medias/images/401/1-206062-6.jpg
1-206062-7,https://mm.digikey.com/Volume0/opasdata/d220001/medias/images/500/1-206062-7.jpg
1-206070-1,https://mm.digikey.com/Volume0/opasdata/d220001/medias/images/1027/1-206070-1.jpg
206070-8,https://mm.digikey.com/Volume0/opasdata/d220001/medias/images/411/206070-8.jpg
206138-8,https://mm.digikey.com/Volume0/opasdata/d220001/medias/images/717/206138-8.jpg
206358-5,https://mm.digikey.com/Volume0/opasdata/d220001/medias/images/1074/206358-5.jpg
206966-7,https://mm.digikey.com/Volume0/opasdata/d220001/medias/images/401/206966-7.jpg
206966-9,https://mm.digikey.com/Volume0/opasdata/d220001/medias/images/506/206966-9.jpg
97-3057-1004,https://mm.digikey.com/Volume0/opasdata/d220001/medias/images/978/97-3057-1004.jpg
97-3057-1004-1,https://mm.digikey.com/Volume0/opasdata/d220001/medias/images/1055/97-3057-1004-1.jpg
97-3057-1007,https://mm.digikey.com/Volume0/opasdata/d220001/medias/images/735/97-3057-1007.jpg
97-3057-1007(621),https://mm.digikey.com/Volume0/opasdata/d220001/medias/images/735/97-3057-1007.jpg
97-3057-1007-1,https://mm.digikey.com/Volume0/opasdata/d220001/medias/images/895/97-3057-1007-1.jpg
97-3057-1007-1(621),https://mm.digikey.com/Volume0/opasdata/d220001/medias/images/895/97-3057-1007-1.jpg
97-3057-1008,https://mm.digikey.com/Volume0/opasdata/d220001/medias/images/932/97-3057-1008.jpg
97-3057-1008-1,https://mm.digikey.com/Volume0/opasdata/d220001/medias/images/937/97-3057-1008-1.jpg
97-3057-1010-1,https://mm.digikey.com/Volume0/opasdata/d220001/medias/images/1017/97-3057-1010-1%28621%29.jpg
97-3057-1012,https://mm.digikey.com/Volume0/opasdata/d220001/medias/images/997/97-3057-1012.jpg
97-3057-1012-1,https://mm.digikey.com/Volume0/opasdata/d220001/medias/images/895/97-3057-1012-1.jpg
97-3057-1016,https://mm.digikey.com/Volume0/opasdata/d220001/medias/images/978/97-3057-1016.jpg
D38999/20GD97JB,https://mm.digikey.com/Volume0/opasdata/d220001/medias/images/6657/MFG_5958_MIL-DTL-38999-Series-D38999-Connector-Positions-Socket-Positions-Receptacle.jpg
D38999/20GD97JC,https://mm.digikey.com/Volume0/opasdata/d220001/medias/images/6657/MFG_5958_MIL-DTL-38999-Series-D38999-Connector-Positions-Socket-Positions-Receptacle.jpg
D38999/20GD97JD,https://mm.digikey.com/Volume0/opasdata/d220001/medias/images/6657/MFG_5958_MIL-DTL-38999-Series-D38999-Connector-Positions-Socket-Positions-Receptacle.jpg
D38999/20GD97JE,https://mm.digikey.com/Volume0/opasdata/d220001/medias/images/6657/MFG_5958_MIL-DTL-38999-Series-D38999-Connector-Positions-Socket-Positions-Receptacle.jpg
D38999/25ND15PA,https://mm.digikey.com/Volume0/opasdata/d220001/medias/images/7155/MFG_5958_MIL-DTL-38999-Series-D38999-Connector-21-Pins-Plug-Insert-W.jpg
D38999/25ND15PB,https://mm.digikey.com/Volume0/opasdata/d220001/medias/images/7155/MFG_5958_MIL-DTL-38999-Series-D38999-Connector-21-Pins-Plug-Insert-W.jpg
D38999/25ND15PC,https://mm.digikey.com/Volume0/opasdata/d220001/medias/images/7155/MFG_5958_MIL-DTL-38999-Series-D38999-Connector-21-Pins-Plug-Insert-W.jpg
D38999/25ND15PD,https://mm.digikey.com/Volume0/opasdata/d220001/medias/images/7155/MFG_5958_MIL-DTL-38999-Series-D38999-Connector-21-Pins-Plug-Insert-W.jpg
D38999/25ND15PE,https://mm.digikey.com/Volume0/opasdata/d220001/medias/images/7155/MFG_5958_MIL-DTL-38999-Series-D38999-Connector-21-Pins-Plug-Insert-W.jpg
D38999/25ND15PN,https://mm.digikey.com/Volume0/opasdata/d220001/medias/images/7155/MFG_5958_MIL-DTL-38999-Series-D38999-Connector-21-Pins-Plug-Insert-W.jpg
D38999/25ND35PC,https://mm.digikey.com/Volume0/opasdata/d220001/medias/images/7155/MFG_5958_MIL-DTL-38999-Series-D38999-Connector-21-Pins-Plug-Insert-W.jpg
D38999/25ND35PD,https://mm.digikey.com/Volume0/opasdata/d220001/medias/images/7155/MFG_5958_MIL-DTL-38999-Series-D38999-Connector-21-Pins-Plug-Insert-W.jpg
D38999/25ND35PE,https://mm.digikey.com/Volume0/opasdata/d220001/medias/images/7155/MFG_5958_MIL-DTL-38999-Series-D38999-Connector-21-Pins-Plug-Insert-W.jpg
D38999/25ND97XA,https://mm.digikey.com/Volume0/opasdata/d220001/medias/images/7155/MFG_5958_MIL-DTL-38999-Series-D38999-Connector-21-Pins-Plug-Insert-W.jpg
D38999/25ND97XB,https://mm.digikey.com/Volume0/opasdata/d220001/medias/images/7155/MFG_5958_MIL-DTL-38999-Series-D38999-Connector-21-Pins-Plug-Insert-W.jpg
D38999/25ND97XC,https://mm.digikey.com/Volume0/opasdata/d220001/medias/images/7155/MFG_5958_MIL-DTL-38999-Series-D38999-Connector-21-Pins-Plug-Insert-W.jpg
D38999/25ND97XD,https://mm.digikey.com/Volume0/opasdata/d220001/medias/images/7155/MFG_5958_MIL-DTL-38999-Series-D38999-Connector-21-Pins-Plug-Insert-W.jpg
D38999/26GD15JB,https://mm.digikey.com/Volume0/opasdata/d220001/medias/images/7155/MFG_5958_MIL-DTL-38999-Series-D38999-Connector-21-Pins-Plug-Insert-W.jpg
D38999/26GD5JA,https://mm.digikey.com/Volume0/opasdata/d220001/medias/images/7155/MFG_5958_MIL-DTL-38999-Series-D38999-Connector-21-Pins-Plug-Insert-W.jpg
D38999/40FC4HR,https://mm.digikey.com/Volume0/opasdata/d220001/medias/images/7628/MFG_D38999-Series-IV-46-pos-Plug.jpg
D38999/40FC4JA,https://mm.digikey.com/Volume0/opasdata/d220001/medias/images/7628/MFG_D38999-Series-IV-46-pos-Plug.jpg
D38999/40FC98HR,https://mm.digikey.com/Volume0/opasdata/d220001/medias/images/7628/MFG_D38999-Series-IV-46-pos-Plug.jpg
D38999/40FC98JA,https://mm.digikey.com/Volume0/opasdata/d220001/medias/images/7628/MFG_D38999-Series-IV-46-pos-Plug.jpg
D38999/40FC98JB,https://mm.digikey.com/Volume0/opasdata/d220001/medias/images/7628/MFG_D38999-Series-IV-46-pos-Plug.jpg
D38999/40FC98JC,https://mm.digikey.com/Volume0/opasdata/d220001/medias/images/7628/MFG_D38999-Series-IV-46-pos-Plug.jpg
D38999/25HC8CB,https://mm.digikey.com/Volume0/opasdata/d220001/medias/images/7155/MFG_5958_MIL-DTL-38999-Series-D38999-Connector-21-Pins-Plug-Insert-W.jpg
D38999/25NC35SC,https://mm.digikey.com/Volume0/opasdata/d220001/medias/images/7155/MFG_5958_MIL-DTL-38999-Series-D38999-Connector-21-Pins-Plug-Insert-W.jpg
D38999/25NC35SD,https://mm.digikey.com/Volume0/opasdata/d220001/medias/images/7155/MFG_5958_MIL-DTL-38999-Series-D38999-Connector-21-Pins-Plug-Insert-W.jpg
D38999/25NC35SE,https://mm.digikey.com/Volume0/opasdata/d220001/medias/images/7155/MFG_5958_MIL-DTL-38999-Series-D38999-Connector-21-Pins-Plug-Insert-W.jpg
D38999/25NC35SN,https://mm.digikey.com/Volume0/opasdata/d220001/medias/images/7155/MFG_5958_MIL-DTL-38999-Series-D38999-Connector-21-Pins-Plug-Insert-W.jpg
D38999/26FC8HA,https://mm.digikey.com/Volume0/opasdata/d220001/medias/images/7155/MFG_5958_MIL-DTL-38999-Series-D38999-Connector-21-Pins-Plug-Insert-W.jpg
D38999/26GC4JC,https://mm.digikey.com/Volume0/opasdata/d220001/medias/images/7155/MFG_5958_MIL-DTL-38999-Series-D38999-Connector-21-Pins-Plug-Insert-W.jpg
D38999/26GC4JD,https://mm.digikey.com/Volume0/opasdata/d220001/medias/images/7155/MFG_5958_MIL-DTL-38999-Series-D38999-Connector-21-Pins-Plug-Insert-W.jpg
D38999/40GC8HM,https://mm.digikey.com/Volume0/opasdata/d220001/medias/images/6657/MFG_5958_MIL-DTL-38999-Series-D38999-Connector-Positions-Socket-Positions-Receptacle.jpg
D38999/40GC8HN,https://mm.digikey.com/Volume0/opasdata/d220001/medias/images/6657/MFG_5958_MIL-DTL-38999-Series-D38999-Connector-Positions-Socket-Positions-Receptacle.jpg
D38999/40GC8HR,https://mm.digikey.com/Volume0/opasdata/d220001/medias/images/6657/MFG_5958_MIL-DTL-38999-Series-D38999-Connector-Positions-Socket-Positions-Receptacle.jpg
D38999/40GC8JA,https://mm.digikey.com/Volume0/opasdata/d220001/medias/images/6657/MFG_5958_MIL-DTL-38999-Series-D38999-Connector-Positions-Socket-Positions-Receptacle.jpg
D38999/40GC8JB,https://mm.digikey.com/Volume0/opasdata/d220001/medias/images/6657/MFG_5958_MIL-DTL-38999-Series-D38999-Connector-Positions-Socket-Positions-Receptacle.jpg
D38999/40GC8JC,https://mm.digikey.com/Volume0/opasdata/d220001/medias/images/6657/MFG_5958_MIL-DTL-38999-Series-D38999-Connector-Positions-Socket-Positions-Receptacle.jpg
D38999/40WB2PC,https://mm.digikey.com/Volume0/opasdata/d220001/medias/images/7628/MFG_D38999-Series-IV-49-pos-Recep.jpg
D38999/40WF35PC,https://mm.digikey.com/Volume0/opasdata/d220001/medias/images/7628/MFG_D38999-Series-IV-40-pos-Recep.jpg
D38999/40WF35PD,https://mm.digikey.com/Volume0/opasdata/d220001/medias/images/7628/MFG_D38999-Series-IV-40-pos-Recep.jpg
D38999/40WF35PK,https://mm.digikey.com/Volume0/opasdata/d220001/medias/images/7628/MFG_D38999-Series-IV-40-pos-Recep.jpg
D38999/40WF35PL,https://mm.digikey.com/Volume0/opasdata/d220001/medias/images/7628/MFG_D38999-Series-IV-40-pos-Recep.jpg
D38999/40WF35PM,https://mm.digikey.com/Volume0/opasdata/d220001/medias/images/7628/MFG_D38999-Series-IV-40-pos-Recep.jpg
D38999/42FG11JK,https://mm.digikey.com/Volume0/opasdata/d220001/medias/images/7628/MFG_D38999-Series-IV-40-pos-Recep.jpg
D38999/42FG11JL,https://mm.digikey.com/Volume0/opasdata/d220001/medias/images/7628/MFG_D38999-Series-IV-40-pos-Recep.jpg
D38999/42FG11JM,https://mm.digikey.com/Volume0/opasdata/d220001/medias/images/7628/MFG_D38999-Series-IV-40-pos-Recep.jpg
D38999/42FG11JN,https://mm.digikey.com/Volume0/opasdata/d220001/medias/images/7628/MFG_D38999-Series-IV-40-pos-Recep.jpg
D38999/42FG11JR,https://mm.digikey.com/Volume0/opasdata/d220001/medias/images/7628/MFG_D38999-Series-IV-40-pos-Recep.jpg
D38999/20FE26HN,https://mm.digikey.com/Volume0/opasdata/d220001/medias/images/8740/MFG_aph__d38999_20_family.jpg
D38999/20FE26PB,https://mm.digikey.com/Volume0/opasdata/d220001/medias/images/3675/MFG_AE320_series.jpg
D38999/20FE26SA,https://mm.digikey.com/Volume0/opasdata/d220001/medias/images/3675/MFG_AE320_series.jpg
D38999/20JE26PN,https://mm.digikey.com/Volume0/opasdata/d220001/medias/images/5376/D3899920JE26PN.jpg
D38999/20JE26SN,https://mm.digikey.com/Volume0/opasdata/d220001/medias/images/6458/D3899920JE26SN.jpg
D38999/20KE26PN,https://mm.digikey.com/Volume0/opasdata/d220001/medias/images/5387/D3899920KE26PN.jpg
D38999/20WE26PN,https://mm.digikey.com/Volume0/opasdata/d220001/medias/images/2424/D38999%5E20WE26PN.jpg
D38999/20WE26SN,https://mm.digikey.com/Volume0/opasdata/d220001/medias/images/3767/D3899920WE26SN.jpg
D38999/20ZE26PN,https://mm.digikey.com/Volume0/opasdata/d220001/medias/images/8740/MFG_aph__d38999_20_family.jpg
D38999/20ZE26SN,https://mm.digikey.com/Volume0/opasdata/d220001/medias/images/8740/MFG_aph__d38999_20_family.jpg
D38999/24FE26PN,https://mm.digikey.com/Volume0/opasdata/d220001/medias/images/4156/MFG_D3899924FE26PN.jpg
D38999/24FE26SA,https://mm.digikey.com/Volume0/opasdata/d220001/medias/images/3675/MFG_AE320_series.jpg
D38999/24FE26SN,https://mm.digikey.com/Volume0/opasdata/d220001/medias/images/3675/MFG_AE320_series.jpg
D38999/24WE26PN,https://mm.digikey.com/Volume0/opasdata/d220001/medias/images/5373/24WE26PN.jpg
D38999/24WE26SN,https://mm.digikey.com/Volume0/opasdata/d220001/medias/images/5384/D3899924WE26SN.jpg
D38999/26FE26HN,https://mm.digikey.com/Volume0/opasdata/d220001/medias/images/8884/MFG_2403_aph__d38999_26_family.jpg
D38999/26FE26SN,https://mm.digikey.com/Volume0/opasdata/d220001/medias/images/5042/D3899926FE26SN.jpg
D38999/26JE26PN,https://mm.digikey.com/Volume0/opasdata/d220001/medias/images/5350/D3899926JE26PN.jpg
D38999/26JE26SA,https://mm.digikey.com/Volume0/opasdata/d220001/medias/images/5883/D3899926JE26SA.jpg
J0971CS5VDC.45,https://mm.digikey.com/Volume0/opasdata/d220001/medias/images/427/MFG_J0971CS5VDC45.jpg
J107F1AS125VDC.36,https://mm.digikey.com/Volume0/opasdata/d220001/medias/images/4572/MFG_J107F.jpg
J107F1AS205VDC.80,https://mm.digikey.com/Volume0/opasdata/d220001/medias/images/4572/MFG_J107F.jpg
J107F1CS125VDC.36,https://mm.digikey.com/Volume0/opasdata/d220001/medias/images/4572/MFG_J107F.jpg
J107F1CS205VDC.45,https://mm.digikey.com/Volume0/opasdata/d220001/medias/images/4572/MFG_J107F.jpg
J107F1CS205VDC.80,https://mm.digikey.com/Volume0/opasdata/d220001/medias/images/4572/MFG_J107F.jpg
J115F21AL5VDCS.9,https://mm.digikey.com/Volume0/opasdata/d220001/medias/images/4354/MFG_J115F2L.jpg
J123F1A5VDC.36,https://mm.digikey.com/Volume0/opasdata/d220001/medias/images/4207/MFG_J123F.jpg
J123F1C5VDC.36,https://mm.digikey.com/Volume0/opasdata/d220001/medias/images/4207/MFG_J123F.jpg
AHQSH105LM100G,https://mm.digikey.com/Volume0/opasdata/d220001/medias/images/4294/MFG_AHQSH124LM1F00G.jpg
ALZ12F05,https://mm.digikey.com/Volume0/opasdata/d220001/medias/images/2496/ALZ12%20SERIES.jpg
ALZ52B05,https://mm.digikey.com/Volume0/opasdata/d220001/medias/images/412/ALZ52xxx.JPG
AZ576-1A-5DE,https://mm.digikey.com/Volume0/opasdata/d220001/medias/images/5025/AZ576.jpg
G2RL-1A-E2-CV-HA DC5,https://mm.digikey.com/Volume0/opasdata/d220001/medias/images/318/MFG_G2RL-Series.jpg
G5Q-1 DC5,https://mm.digikey.com/Volume0/opasdata/d220001/medias/images/2598/SG5Q-1A-DC12%2C%20G5Q-1A-DC24%2C%20G5Q-1A4-DC12.jpg
G5Q-1-HA DC5,https://mm.digikey.com/Volume0/opasdata/d220001/medias/images/2479/G5Q-1-HA%20DC5.jpg
G5Q-1A DC5,https://mm.digikey.com/Volume0/opasdata/d220001/medias/images/2598/SG5Q-1A-DC12%2C%20G5Q-1A-DC24%2C%20G5Q-1A4-DC12.jpg
T9GS1L14-5,https://mm.digikey.com/Volume0/opasdata/d220001/medias/images/800/T9GS1L14.JPG
AZ943-1AH-5DE,https://mm.digikey.com/Volume0/opasdata/d220001/medias/images/5057/AZ943-1AH-5DE.jpg
AWHSH105D00G,https://mm.digikey.com/Volume0/opasdata/d220001/medias/images/3647/MFG_AWHSH124DM00G.jpg
AZ733-2CE-5DE,https://mm.digikey.com/Volume0/opasdata/d220001/medias/images/5059/AZ733.jpg
G2RL-1-E DC5,https://mm.digikey.com/Volume0/opasdata/d220001/medias/images/414/G2RL-1-DC24.JPG
G2RL-14 DC5,https://mm.digikey.com/Volume0/opasdata/d220001/medias/images/2471/G2RL-14-DC5%2C%20G2RL-14-DC12%2C%20G2RL-14-DC24%2C%20G2RL-14-DC48.jpg
G2RL-1A DC5,https://mm.digikey.com/Volume0/opasdata/d220001/medias/images/2421/G2RL-1A-DC24%2C%20G2RL-1A-CF-DC24.jpg
G5LE-1 DC5,https://mm.digikey.com/Volume0/opasdata/d220001/medias/images/1159/G5LE-1A4-DC24.jpg
4590-105K,https://mm.digikey.com/Volume0/opasdata/d220001/medias/images/2468/4590%20Series.jpg
4590R-105K,https://mm.digikey.com/Volume0/opasdata/d220001/medias/images/2468/4590%20Series.jpg
5500R-105K,https://mm.digikey.com/Volume0/opasdata/d220001/medias/images/609/5500R.jpg
7445830,https://mm.digikey.com/Volume0/opasdata/d220001/medias/images/2259/MFG_74458003.jpg
768772102,https://mm.digikey.com/Volume0/opasdata/d220001/medias/images/540/768772102.JPG
BPRR00101051102MA0,https://mm.digikey.com/Volume0/opasdata/d220001/medias/images/4066/MFG_BPRR00101031100M00.jpg
CDRH125L125NP-102MC,https://mm.digikey.com/Volume0/opasdata/d220001/medias/images/4002/CDRH125L125NP-102MC.jpg
CTRFB0810F-102K,https://mm.digikey.com/Volume0/opasdata/d220001/medias/images/4005/MFG_CTRFB0810F-100K.jpg
LGJ12565TS-102MR45-H,https://mm.digikey.com/Volume0/opasdata/d220001/medias/images/407/MFG_LGJ12565TS-H.jpg
PE-52631NL,https://mm.digikey.com/Volume0/opasdata/d220001/medias/images/1093/PE-52631NL.JPG
PE-52651NL,https://mm.digikey.com/Volume0/opasdata/d220001/medias/images/1173/PE-52651NL.JPG
PM5022-102K-RC,https://mm.digikey.com/Volume0/opasdata/d220001/medias/images/2581/PM5022%20SERIES.jpg
PM5022-102M-RC,https://mm.digikey.com/Volume0/opasdata/d220001/medias/images/2581/PM5022%20SERIES.jpg
RLB1112V4-102J,https://mm.digikey.com/Volume0/opasdata/d220001/medias/images/2266/MFG_RLB1112V4-222J.jpg
SDR1806-102KL,https://mm.digikey.com/Volume0/opasdata/d220001/medias/images/388/SDR1806-220ML.jpg
SLF12565T-102MR45-H,https://mm.digikey.com/Volume0/opasdata/d220001/medias/images/2900/SLF12555%20Series.jpg
SPD127-105M,https://mm.digikey.com/Volume0/opasdata/d220001/medias/images/596/spd127r-683m.JPG
SPD127R-105M,https://mm.digikey.com/Volume0/opasdata/d220001/medias/images/596/spd127r-683m.JPG
SRR1208-102K,https://mm.digikey.com/Volume0/opasdata/d220001/medias/images/4819/SRR1208-471KL.JPG
SRR1208-102KL,https://mm.digikey.com/Volume0/opasdata/d220001/medias/images/4819/SRR1208-471KL.JPG
PA1366NLT,https://mm.digikey.com/Volume0/opasdata/d220001/medias/images/2519/PA-21x29.jpg
PA2271NL,https://mm.digikey.com/Volume0/opasdata/d220001/medias/images/8512/MFG_PA1xxxNL.jpg
PA2271NLT,https://mm.digikey.com/Volume0/opasdata/d220001/medias/images/8512/MFG_PA1xxxNL.jpg
PLC-002,https://mm.digikey.com/Volume0/opasdata/d220001/medias/images/6449/MFG_PLC-002.jpg
SM51430EL,https://mm.digikey.com/Volume0/opasdata/d220001/medias/images/1123/MFG_SM51430EL.jpg
SM51625EL,https://mm.digikey.com/Volume0/opasdata/d220001/medias/images/908/MFG_SM51625EL.jpg
PLC-LW-002,https://mm.digikey.com/Volume0/opasdata/d220001/medias/images/6449/MFG_PLC-LW-002.jpg
PA3855.002NL,https://mm.digikey.com/Volume0/opasdata/d220001/medias/images/1048/MFG_PA38%2855%2C56%29.00xNL-Series.jpg
B78541A2467A003,https://mm.digikey.com/Volume0/opasdata/d220001/medias/images/5721/MFG_B78541A2467A003.jpg
B78541A2492A003,https://mm.digikey.com/Volume0/opasdata/d220001/medias/images/5721/MFG_B78541A2467A003.jpg
B78541A2525A003,https://mm.digikey.com/Volume0/opasdata/d220001/medias/images/6778/MFG_B78541A25.jpg
B78541A2526A003,https://mm.digikey.com/Volume0/opasdata/d220001/medias/images/6778/MFG_B78541A25.jpg
B78541A2528A003,https://mm.digikey.com/Volume0/opasdata/d220001/medias/images/6778/MFG_B78541A25.jpg
PA2627NL,https://mm.digikey.com/Volume0/opasdata/d220001/medias/images/8512/MFG_PAxxxxNL.jpg
PA2627NLT,https://mm.digikey.com/Volume0/opasdata/d220001/medias/images/8512/MFG_PAxxxxNL.jpg
10BQ100,https://mm.digikey.com/Volume0/opasdata/d220001/medias/images/6296/1655%7ESMB%28DO214AA%29%7E%7E2.jpg
1N4002,https://mm.digikey.com/Volume0/opasdata/d220001/medias/images/7962/MFG_4878%7EDO41-DO204AC%7E%7E2.jpg
1N4002G,https://mm.digikey.com/Volume0/opasdata/d220001/medias/images/5054/488%7E59-10%7E%7E2.jpg
1N4002RLG,https://mm.digikey.com/Volume0/opasdata/d220001/medias/images/5054/488%7E59-10%7E%7E2.jpg
1N5804US,https://mm.digikey.com/Volume0/opasdata/d220001/medias/images/2582/SQ-MELF%2C%20A%20PKG.JPG
BYM10-100-E3/96,https://mm.digikey.com/Volume0/opasdata/d220001/medias/images/6163/112%7EDO213AB-GLASS%7E%7E2.jpg
EGF1B,https://mm.digikey.com/Volume0/opasdata/d220001/medias/images/5883/488%7EMKT-DO214AC%7E%7E2.jpg
ES1B-LTP,https://mm.digikey.com/Volume0/opasdata/d220001/medias/images/4828/353%7EDO214AC%28SMA%29%7E%7E2-Top.jpg
GF1B,https://mm.digikey.com/Volume0/opasdata/d220001/medias/images/5883/488%7EMKT-DO214AC%7E%7E2.jpg
MBR1H100SFT3G,https://mm.digikey.com/Volume0/opasdata/d220001/medias/images/6342/488%7E498-01%7ESF%7E2.jpg
MBRS1100T3G,https://mm.digikey.com/Volume0/opasdata/d220001/medias/images/2577/MFG_488%7E403A-03%7EB%2C%20S%7E2.jpg
MSE1PB-M3/89A,https://mm.digikey.com/Volume0/opasdata/d220001/medias/images/8918/112%7EDO219AD%28MICROSMP%29%7E%7E2.jpg
MUH1PB-M3/89A,https://mm.digikey.com/Volume0/opasdata/d220001/medias/images/8918/112%7EDO219AD%28MICROSMP%29%7E%7E2.jpg
MUH1PBHM3/89A,https://mm.digikey.com/Volume0/opasdata/d220001/medias/images/8918/112%7EDO219AD%28MICROSMP%29%7E%7E2.jpg
MUR110G,https://mm.digikey.com/Volume0/opasdata/d220001/medias/images/5054/488%7E59-10%7E%7E2.jpg
MUR110RLG,https://mm.digikey.com/Volume0/opasdata/d220001/medias/images/5054/488%7E59-10%7E%7E2.jpg
MURA110T3G,https://mm.digikey.com/Volume0/opasdata/d220001/medias/images/6285/488%7E403D-02%7EA%7E2.jpg
MURS110T3G,https://mm.digikey.com/Volume0/opasdata/d220001/medias/images/2577/MFG_488%7E403A-03%7EB%2C%20S%7E2.jpg
NRVB1H100SFT3G,https://mm.digikey.com/Volume0/opasdata/d220001/medias/images/5883/488%7E498%7E%7E2.jpg
NRVUA110VT3G,https://mm.digikey.com/Volume0/opasdata/d220001/medias/images/5037/488%7E403D%7E%7E2.jpg
PMEG10010ELR-QX,https://mm.digikey.com/Volume0/opasdata/d220001/medias/images/6161/1727%7ESOD123W%7E%7E2.jpg
PMEG10010ELXE-QX,https://mm.digikey.com/Volume0/opasdata/d220001/medias/images/6151/1727%7ESOD123HP%7E%7E2.jpg
PMEG10010ELXEX,https://mm.digikey.com/Volume0/opasdata/d220001/medias/images/6151/1727%7ESOD123HP%7E%7E2.jpg
PMEG100T10ELR-QX,https://mm.digikey.com/Volume0/opasdata/d220001/medias/images/6161/1727%7ESOD123W%7E%7E2.jpg
PMEG100T10ELRX,https://mm.digikey.com/Volume0/opasdata/d220001/medias/images/6161/1727%7ESOD123W%7E%7E2.jpg
9420801.14,https://mm.digikey.com/Volume0/opasdata/d220001/medias/images/847/MFG_9420801.jpg
9420801.16.T,https://mm.digikey.com/Volume0/opasdata/d220001/medias/images/4272/MFG_9420801.T.jpg
07-0201-0875,https://mm.digikey.com/Volume0/opasdata/d220001/medias/images/936/07-0201-0875.JPG
10-04-1687-1298,https://mm.digikey.com/Volume0/opasdata/d220001/medias/images/692/19-04-22951-1298.jpg
10-04-1720-1298,https://mm.digikey.com/Volume0/opasdata/d220001/medias/images/697/10-04-8363-S6305.JPG
10-04-2657-1298,https://mm.digikey.com/Volume0/opasdata/d220001/medias/images/697/10-04-2865-1298.jpg
10-04-2737-1298,https://mm.digikey.com/Volume0/opasdata/d220001/medias/images/451/MFG_10-04-2737-1298.jpg
10-04-8363-1298,https://mm.digikey.com/Volume0/opasdata/d220001/medias/images/451/MFG_10-04-8363-1298.jpg
10-04-8817-1298,https://mm.digikey.com/Volume0/opasdata/d220001/medias/images/697/10-04-8363-S6305.JPG
10-04-W163-1298,https://mm.digikey.com/Volume0/opasdata/d220001/medias/images/451/MFG_10-04-W163-1298.jpg
10-04-W267-1298,https://mm.digikey.com/Volume0/opasdata/d220001/medias/images/692/10-04-W204-1298.jpg
1201-FSA-0018-1,https://mm.digikey.com/Volume0/opasdata/d220001/medias/images/6459/MFG_1201-FSA-0018-1_primary.jpg
1201-FSA-0020-1,https://mm.digikey.com/Volume0/opasdata/d220001/medias/images/6459/MFG_1201-FSA-0020-1_primary.jpg
1201-SSA-0020,https://mm.digikey.com/Volume0/opasdata/d220001/medias/images/6459/MFG_1201-SSA-0020_primary.jpg
1202-FNG-0016-0005,https://mm.digikey.com/Volume0/opasdata/d220001/medias/images/6459/MFG_1202-FNG-0016-0005_primary.jpg
1202-FNG-0032-0011,https://mm.digikey.com/Volume0/opasdata/d220001/medias/images/6459/MFG_1202-FNG-0032-0011_primary.jpg
1202-FSA-0016-0005,https://mm.digikey.com/Volume0/opasdata/d220001/medias/images/6387/1202-FSA-0016-0005.jpg
1202-FSA-0026-0011-1,https://mm.digikey.com/Volume0/opasdata/d220001/medias/images/6459/MFG_1202-FSA-0026-0011-1_primary.jpg
1202-FSA-0032-0011,https://mm.digikey.com/Volume0/opasdata/d220001/medias/images/6459/MFG_1202-FSA-0032-0011_primary.jpg
1202-FSA-0032-0011-1,https://mm.digikey.com/Volume0/opasdata/d220001/medias/images/5057/1202-FSA-0032-0011-1.jpg
1202-SSA-0016-0005,https://mm.digikey.com/Volume0/opasdata/d220001/medias/images/6385/1202-SSA-0016-0005.jpg
1202-SSA-0026-0011,https://mm.digikey.com/Volume0/opasdata/d220001/medias/images/6459/MFG_1202-SSA-0026-0011_primary.jpg
1202-SSA-0032-0011,https://mm.digikey.com/Volume0/opasdata/d220001/medias/images/6459/MFG_1202-SSA-0032-0011_primary.jpg
19-04-14206-1298,https://mm.digikey.com/Volume0/opasdata/d220001/medias/images/451/MFG_19-04-14206-1298.jpg
19-04-16162-1298,https://mm.digikey.com/Volume0/opasdata/d220001/medias/images/451/MFG_19-04-16162-1298.jpg
110991327,https://mm.digikey.com/Volume0/opasdata/d220001/medias/images/207/110991327.JPG
217-36CTRE6,https://mm.digikey.com/Volume0/opasdata/d220001/medias/images/6463/217-36CTRE6.jpg
3082,https://mm.digikey.com/Volume0/opasdata/d220001/medias/images/4847/MFG_1528_3082.jpg
3083,https://mm.digikey.com/Volume0/opasdata/d220001/medias/images/2244/MFG_3083.jpg
374124B00035G,https://mm.digikey.com/Volume0/opasdata/d220001/medias/images/851/374124B00035.jpg
374424B00035G,https://mm.digikey.com/Volume0/opasdata/d220001/medias/images/889/374424B00035.jpg
375424B00034G,https://mm.digikey.com/Volume0/opasdata/d220001/medias/images/26/375424B00034G.JPG
504102B00000G,https://mm.digikey.com/Volume0/opasdata/d220001/medias/images/851/504102B00000.jpg
504222B00000G,https://mm.digikey.com/Volume0/opasdata/d220001/medias/images/900/504222B00000.jpg
507222B00000G,https://mm.digikey.com/Volume0/opasdata/d220001/medias/images/867/507222B00000.jpg
507302B00000G,https://mm.digikey.com/Volume0/opasdata/d220001/medias/images/990/507302B00000.jpg
513102B02500G,https://mm.digikey.com/Volume0/opasdata/d220001/medias/images/1085/513102B02500.jpg
518-95AB,https://mm.digikey.com/Volume0/opasdata/d220001/medias/images/797/518-95AB.jpg
528-45AB,https://mm.digikey.com/Volume0/opasdata/d220001/medias/images/860/528-45AB.jpg
529802B02500G,https://mm.digikey.com/Volume0/opasdata/d220001/medias/images/984/529802B02500.jpg
531102B02500G,https://mm.digikey.com/Volume0/opasdata/d220001/medias/images/1103/531102B02500.jpg
576802B00000G,https://mm.digikey.com/Volume0/opasdata/d220001/medias/images/1126/576802B00000.jpg
576802B04000G,https://mm.digikey.com/Volume0/opasdata/d220001/medias/images/400/576802B04000G.JPG
577002B00000G,https://mm.digikey.com/Volume0/opasdata/d220001/medias/images/843/577002B00000.jpg
577102B00000G,https://mm.digikey.com/Volume0/opasdata/d220001/medias/images/4848/59_577102B00000G.jpg
577202B00000G,https://mm.digikey.com/Volume0/opasdata/d220001/medias/images/4847/59_577202B00000G.jpg
581002B02500G,https://mm.digikey.com/Volume0/opasdata/d220001/medias/images/1016/581002B02500.jpg
625-25ABT4E,https://mm.digikey.com/Volume0/opasdata/d220001/medias/images/659/625-25ABT4E.jpg
634-10ABPE,https://mm.digikey.com/Volume0/opasdata/d220001/medias/images/526/634-10ABPE.JPG
637-10ABPE,https://mm.digikey.com/Volume0/opasdata/d220001/medias/images/529/637-10ABPE.JPG
07-0201-0237,https://mm.digikey.com/Volume0/opasdata/d220001/medias/images/764/07-0201-0237.jpg
07-0202-0094,https://mm.digikey.com/Volume0/opasdata/d220001/medias/images/806/07-0202-0094.jpg
07-0202-0488,https://mm.digikey.com/Volume0/opasdata/d220001/medias/images/806/07-0202-0094.jpg
07-0701-9006,https://mm.digikey.com/Volume0/opasdata/d220001/medias/images/806/07-0701-9006.JPG
07-0702-9009,https://mm.digikey.com/Volume0/opasdata/d220001/medias/images/806/07-0701-9006.JPG
07-0702-9012,https://mm.digikey.com/Volume0/opasdata/d220001/medias/images/806/07-0701-9006.JPG
1201-FSA-0010,https://mm.digikey.com/Volume0/opasdata/d220001/medias/images/4886/MFG_1201-FSA-0010.jpg
1201-FSA-0016,https://mm.digikey.com/Volume0/opasdata/d220001/medias/images/6459/MFG_1201-FSA-0016_primary.jpg
1201-FSA-0018,https://mm.digikey.com/Volume0/opasdata/d220001/medias/images/4887/1201-FSA-0018.jpg
1201-FSA-0020,https://mm.digikey.com/Volume0/opasdata/d220001/medias/images/6385/1201-FSA-0020.jpg
152-0032-0254-S,https://mm.digikey.com/Volume0/opasdata/d220001/medias/images/5701/MFG_154-0032-0254-S.jpg
152-0048-0254-S,https://mm.digikey.com/Volume0/opasdata/d220001/medias/images/5701/MFG_154-0032-0254-S.jpg
152-0064-0254-S,https://mm.digikey.com/Volume0/opasdata/d220001/medias/images/5701/MFG_154-0032-0254-S.jpg
154-0032-0254-S,https://mm.digikey.com/Volume0/opasdata/d220001/medias/images/5701/MFG_154-0032-0254-S.jpg
154-0048-0254-S,https://mm.digikey.com/Volume0/opasdata/d220001/medias/images/5701/MFG_154-0032-0254-S.jpg
154-0064-0254-S,https://mm.digikey.com/Volume0/opasdata/d220001/medias/images/5701/MFG_154-0032-0254-S.jpg
410-0008-0500-0500,https://mm.digikey.com/Volume0/opasdata/d220001/medias/images/8921/MFG_2421698-1-t1.jpg
410-0008-2250-10000,https://mm.digikey.com/Volume0/opasdata/d220001/medias/images/5701/MFG_410-0008-2250-10000.jpg
410-0016-0500-0500,https://mm.digikey.com/Volume0/opasdata/d220001/medias/images/8921/MFG_2421698-1-t1.jpg
410-0016-2250-10000,https://mm.digikey.com/Volume0/opasdata/d220001/medias/images/5701/MFG_410-0008-2250-10000.jpg
410-0024-0500-0500,https://mm.digikey.com/Volume0/opasdata/d220001/medias/images/8921/MFG_2421698-1-t1.jpg
410-0024-2250-10000,https://mm.digikey.com/Volume0/opasdata/d220001/medias/images/5701/MFG_410-0008-2250-10000.jpg
420-0008-0500-0500,https://mm.digikey.com/Volume0/opasdata/d220001/medias/images/8921/MFG_2421698-1-t1.jpg
420-0008-2250-10000,https://mm.digikey.com/Volume0/opasdata/d220001/medias/images/5701/MFG_410-0008-2250-10000.jpg
10-04-2865-1298,https://mm.digikey.com/Volume0/opasdata/d220001/medias/images/697/10-04-2865-1298.jpg
10-04-6386-1298,https://mm.digikey.com/Volume0/opasdata/d220001/medias/images/451/MFG_10-04-6386-1298.jpg
10-04-9732-1298,https://mm.digikey.com/Volume0/opasdata/d220001/medias/images/697/10-04-8363-S6305.JPG
10-04-W204-1298,https://mm.digikey.com/Volume0/opasdata/d220001/medias/images/692/10-04-W204-1298.jpg
10-05-4308-1298,https://mm.digikey.com/Volume0/opasdata/d220001/medias/images/451/MFG_10-05-4308-1298.jpg
10-05-6419-1298,https://mm.digikey.com/Volume0/opasdata/d220001/medias/images/451/MFG_10-05-6419-1298.jpg
19-04-20581-1298,https://mm.digikey.com/Volume0/opasdata/d220001/medias/images/697/19-04-25875-1298.JPG
19-04-22371-1298,https://mm.digikey.com/Volume0/opasdata/d220001/medias/images/451/MFG_19-04-22371-1298.jpg
